invoice_no,delivery_no,customer_name,invoice_date_raw,total_amount,source_sheet
INV-KSD2601001,KSD2601001,KSD,2026-01-09 00:00:00,1200.0,KSD账单
INV-KSD2601002,KSD2601002,KSD,2026-01-18 00:00:00,6560.0,KSD账单
INV-KSD2601003,KSD2601003,KSD,2026-01-24 00:00:00,14931.2,KSD账单
INV-KSD2601004,KSD2601004,KSD,2026-01-25 00:00:00,6324.0,KSD账单
INV-YN2510001,YN2510001,福建省莆田市亿宁鞋业有限公司,2025-10-04 00:00:00,2755.0,亿宁帐单_
INV-YN2510002,YN2510002,福建省莆田市亿宁鞋业有限公司,2025-10-08 00:00:00,390.0,亿宁帐单_
INV-YN2510003,YN2510003,福建省莆田市亿宁鞋业有限公司,2025-10-20 00:00:00,38.4,亿宁帐单_
INV-JX2501001,JX2501001,健森（星鸿仟),2025-05-12 00:00:00,6898.200000000001,健森账单
INV-YF230301,YF230301,福建省莆田市协龙鞋业有限公司,2023-03-08 00:00:00,1447.0,协龙帐单
INV-YF230501,YF230501,福建省莆田市协龙鞋业有限公司,2023-05-07 00:00:00,1090.0,协龙帐单
INV-YF230701,YF230701,福建省莆田市协龙鞋业有限公司,2023-07-03 00:00:00,376.0,协龙帐单
INV-SHL2505052,SHL2505052,福建省莆田市双联鞋业有限公司,2025-05-23 00:00:00,41944.0,双联帐单
INV-SHL2505053,SHL2505053,福建省莆田市双联鞋业有限公司,2025-05-23 00:00:00,35784.0,双联帐单
INV-SHL2505054,SHL2505054,福建省莆田市双联鞋业有限公司,2025-05-23 00:00:00,19600.0,双联帐单
INV-SHL2505055,SHL2505055,福建省莆田市双联鞋业有限公司,2025-05-23 00:00:00,24500.0,双联帐单
INV-SC240724,SC240724,江西双驰,2024-07-29 00:00:00,435.0,双驰帐单
INV-SC240904,SC240904,江西双驰,2024-09-12 00:00:00,244.0,双驰帐单
INV-SC240908,SC240908,江西双驰,2024-09-16 00:00:00,20.0,双驰帐单
INV-SC241005,SC241005,江西双驰,2024-10-08 00:00:00,23.4,双驰帐单
INV-SC241007,SC241007,江西双驰,2024-10-14 00:00:00,30.0,双驰帐单
INV-SC241008,SC241008,江西双驰,2024-10-15 00:00:00,290.0,双驰帐单
INV-SC241011,SC241011,江西双驰,2024-10-24 00:00:00,65.0,双驰帐单
INV-SC241101,SC241101,江西双驰,2024-11-01 00:00:00,110.0,双驰帐单
INV-SC241103,SC241103,江西双驰,2024-11-10 00:00:00,30.0,双驰帐单
INV-SC241106,SC241106,江西双驰,2024-11-22 00:00:00,216.0,双驰帐单
INV-SC241107,SC241107,江西双驰,2024-11-23 00:00:00,156.0,双驰帐单
INV-SC241112,SC241112,江西双驰,2024-11-29 00:00:00,10.0,双驰帐单
INV-SC241201,SC241201,江西双驰,2024-12-02 00:00:00,10.0,双驰帐单
INV-JS260101,JS260101,,2026-01-30 00:00:00,22946.699999999997,吉升帐单
INV-HM250601,HM250601,和睦,2025-06-11 00:00:00,128157.5,和睦帐单
INV-AH2512012,AH2512012,莆田安健致远鞋业限公司,2025-12-04 00:00:00,100.0,安健帐单
INV-AH2512043,AH2512043,莆田安健致远鞋业限公司,2025-12-25 00:00:00,7996.6,安健帐单
INV-AH2512044,AH2512044,莆田安健致远鞋业限公司,2025-12-27 00:00:00,4750.0,安健帐单
INV-AH2512045,AH2512045,莆田安健致远鞋业限公司,2025-12-29 00:00:00,956.4,安健帐单
INV-AH2512046,AH2512046,莆田安健致远鞋业限公司,2025-12-30 00:00:00,5190.0,安健帐单
INV-AH2512047,AH2512047,莆田安健致远鞋业限公司,2025-12-30 00:00:00,3798.9,安健帐单
INV-AH2601001,AH2601001,莆田安健致远鞋业限公司,2026-01-02 00:00:00,8962.7,安健帐单
INV-AH2601002,AH2601002,莆田安健致远鞋业限公司,2026-01-02 00:00:00,11295.7,安健帐单
INV-AH2601003,AH2601003,莆田安健致远鞋业限公司,2026-01-02 00:00:00,13595.099999999999,安健帐单
INV-AH2601004,AH2601004,莆田安健致远鞋业限公司,2026-01-03 00:00:00,11563.3,安健帐单
INV-AH2601005,AH2601005,莆田安健致远鞋业限公司,2026-01-03 00:00:00,6190.8,安健帐单
INV-AH2601006,AH2601006,莆田安健致远鞋业限公司,2026-01-04 00:00:00,9057.05,安健帐单
INV-AH2601007,AH2601007,莆田安健致远鞋业限公司,2026-01-04 00:00:00,23414.3,安健帐单
INV-AH2601008,AH2601008,莆田安健致远鞋业限公司,2026-01-04 00:00:00,6324.099999999999,安健帐单
INV-AH2601009,AH2601009,莆田安健致远鞋业限公司,2026-01-05 00:00:00,6783.6,安健帐单
INV-AH2601010,AH2601010,莆田安健致远鞋业限公司,2026-01-05 00:00:00,6435.2,安健帐单
INV-AH2601011,AH2601011,莆田安健致远鞋业限公司,2026-01-05 00:00:00,16586.6,安健帐单
INV-AH2601012,AH2601012,莆田安健致远鞋业限公司,2026-01-05 00:00:00,8275.3,安健帐单
INV-AH2601013,AH2601013,莆田安健致远鞋业限公司,2026-01-05 00:00:00,3207.0000000000005,安健帐单
INV-AH2601014,AH2601014,莆田安健致远鞋业限公司,2026-01-06 00:00:00,12805.5,安健帐单
INV-AH2601015,AH2601015,莆田安健致远鞋业限公司,2026-01-06 00:00:00,8498.199999999999,安健帐单
INV-AH2601016,AH2601016,莆田安健致远鞋业限公司,2026-01-06 00:00:00,16024.300000000001,安健帐单
INV-AH2601017,AH2601017,莆田安健致远鞋业限公司,2026-01-07 00:00:00,13795.7,安健帐单
INV-AH2601018,AH2601018,莆田安健致远鞋业限公司,2026-01-07 00:00:00,10417.1,安健帐单
INV-AH2601019,AH2601019,莆田安健致远鞋业限公司,2026-01-07 00:00:00,12994.9,安健帐单
INV-AH2601020,AH2601020,莆田安健致远鞋业限公司,2026-01-07 00:00:00,4518.2,安健帐单
INV-AH2601021,AH2601021,莆田安健致远鞋业限公司,2026-01-08 00:00:00,2309.3999999999996,安健帐单
INV-AH2601022,AH2601022,莆田安健致远鞋业限公司,2026-01-08 00:00:00,4657.5,安健帐单
INV-AH2601023,AH2601023,莆田安健致远鞋业限公司,2026-01-08 00:00:00,3664.899999999999,安健帐单
INV-AH2601024,AH2601024,莆田安健致远鞋业限公司,2026-01-08 00:00:00,9345.8,安健帐单
INV-AH2601025,AH2601025,莆田安健致远鞋业限公司,2026-01-08 00:00:00,4965.5,安健帐单
INV-AH2601026,AH2601026,莆田安健致远鞋业限公司,2026-01-08 00:00:00,6320.0,安健帐单
INV-AH2601027,AH2601027,莆田安健致远鞋业限公司,2026-01-08 00:00:00,7031.2,安健帐单
INV-AH2601028,AH2601028,莆田安健致远鞋业限公司,2026-01-09 00:00:00,5958.099999999999,安健帐单
INV-AH2601029,AH2601029,莆田安健致远鞋业限公司,2026-01-10 00:00:00,4847.300000000001,安健帐单
INV-AH2601030,AH2601030,莆田安健致远鞋业限公司,2026-01-11 00:00:00,11283.5,安健帐单
INV-AH2601031,AH2601031,莆田安健致远鞋业限公司,2026-01-12 00:00:00,12570.000000000002,安健帐单
INV-AH2601032,AH2601032,莆田安健致远鞋业限公司,2026-01-12 00:00:00,839.4,安健帐单
INV-AH2601033,AH2601033,莆田安健致远鞋业限公司,2026-01-12 00:00:00,7195.8,安健帐单
INV-AH2601034,AH2601034,莆田安健致远鞋业限公司,2026-01-12 00:00:00,9452.0,安健帐单
INV-AH2601035,AH2601035,莆田安健致远鞋业限公司,2026-01-12 00:00:00,15947.5,安健帐单
INV-AH2601036,AH2601036,莆田安健致远鞋业限公司,2026-01-12 00:00:00,4438.0,安健帐单
INV-AH2601037,AH2601037,莆田安健致远鞋业限公司,2026-01-12 00:00:00,9580.5,安健帐单
INV-AH2601038,AH2601038,莆田安健致远鞋业限公司,2026-01-12 00:00:00,9796.7,安健帐单
INV-AH2601039,AH2601039,莆田安健致远鞋业限公司,2026-01-14 00:00:00,7626.5,安健帐单
INV-AH2601040,AH2601040,莆田安健致远鞋业限公司,2026-01-14 00:00:00,8958.6,安健帐单
INV-AH2601041,AH2601041,莆田安健致远鞋业限公司,2026-01-14 00:00:00,8463.85,安健帐单
INV-AH2601042,AH2601042,莆田安健致远鞋业限公司,2026-01-14 00:00:00,6091.299999999999,安健帐单
INV-AH2601043,AH2601043,莆田安健致远鞋业限公司,2026-01-14 00:00:00,20922.1,安健帐单
INV-AH2601045,AH2601045,莆田安健致远鞋业限公司,2026-01-15 00:00:00,20216.1,安健帐单
INV-AH2601046,AH2601046,莆田安健致远鞋业限公司,2026-01-15 00:00:00,8854.4,安健帐单
INV-AH2601047,AH2601047,莆田安健致远鞋业限公司,2026-01-15 00:00:00,18105.9,安健帐单
INV-AH2601048,AH2601048,莆田安健致远鞋业限公司,2026-01-15 00:00:00,9744.900000000001,安健帐单
INV-AH2601049,AH2601049,莆田安健致远鞋业限公司,2026-01-15 00:00:00,11535.7,安健帐单
INV-AH2601050,AH2601050,莆田安健致远鞋业限公司,2026-01-16 00:00:00,7660.5,安健帐单
INV-AH2601051,AH2601051,莆田安健致远鞋业限公司,2026-01-17 00:00:00,7225.400000000001,安健帐单
INV-AH2601052,AH2601052,莆田安健致远鞋业限公司,2026-01-17 00:00:00,9151.5,安健帐单
INV-AH2601053,AH2601053,莆田安健致远鞋业限公司,2026-01-17 00:00:00,23979.6,安健帐单
INV-AH2601054,AH2601054,莆田安健致远鞋业限公司,2026-01-19 00:00:00,10503.6,安健帐单
INV-AH2601055,AH2601055,莆田安健致远鞋业限公司,2026-01-19 00:00:00,15730.5,安健帐单
INV-AH2601056,AH2601056,莆田安健致远鞋业限公司,2026-01-19 00:00:00,4314.0,安健帐单
INV-AH2601057,AH2601057,莆田安健致远鞋业限公司,2026-01-19 00:00:00,12860.800000000001,安健帐单
INV-AH2601058,AH2601058,莆田安健致远鞋业限公司,2026-01-19 00:00:00,9880.8,安健帐单
INV-AH2601059,AH2601059,莆田安健致远鞋业限公司,2026-01-19 00:00:00,16698.2,安健帐单
INV-AH2601060,AH2601060,莆田安健致远鞋业限公司,2026-01-19 00:00:00,16581.5,安健帐单
INV-AH2601061,AH2601061,莆田安健致远鞋业限公司,2026-01-19 00:00:00,2509.0,安健帐单
INV-AH2601062,AH2601062,莆田安健致远鞋业限公司,2026-01-19 00:00:00,3044.0,安健帐单
INV-AH2601063,AH2601063,莆田安健致远鞋业限公司,2026-01-19 00:00:00,16292.0,安健帐单
INV-AH2601064,AH2601064,莆田安健致远鞋业限公司,2026-01-20 00:00:00,2905.1,安健帐单
INV-AH2601065,AH2601065,莆田安健致远鞋业限公司,2026-01-20 00:00:00,17874.550000000003,安健帐单
INV-AH2601066,AH2601066,莆田安健致远鞋业限公司,2026-01-20 00:00:00,3526.55,安健帐单
INV-AH2601067,AH2601067,莆田安健致远鞋业限公司,2026-01-20 00:00:00,6795.400000000001,安健帐单
INV-AH2601068,AH2601068,莆田安健致远鞋业限公司,2026-01-20 00:00:00,14508.2,安健帐单
INV-AH2601069,AH2601069,莆田安健致远鞋业限公司,2026-01-20 00:00:00,7462.0,安健帐单
INV-AH2601070,AH2601070,莆田安健致远鞋业限公司,2026-01-20 00:00:00,3882.0,安健帐单
INV-AH2601071,AH2601071,莆田安健致远鞋业限公司,2026-01-20 00:00:00,6932.299999999999,安健帐单
INV-AH2601072,AH2601072,莆田安健致远鞋业限公司,2026-01-20 00:00:00,18918.0,安健帐单
INV-AH2601073,AH2601073,莆田安健致远鞋业限公司,2026-01-21 00:00:00,19832.4,安健帐单
INV-AH2601074,AH2601074,莆田安健致远鞋业限公司,2026-01-21 00:00:00,14538.0,安健帐单
INV-AH2601075,AH2601075,莆田安健致远鞋业限公司,2026-01-21 00:00:00,17738.4,安健帐单
INV-AH2601076,AH2601076,莆田安健致远鞋业限公司,2026-01-21 00:00:00,21841.4,安健帐单
INV-AH2601077,AH2601077,莆田安健致远鞋业限公司,2026-01-21 00:00:00,6786.0,安健帐单
INV-AH2601078,AH2601078,莆田安健致远鞋业限公司,2026-01-21 00:00:00,2225.7,安健帐单
INV-AH2601079,AH2601079,莆田安健致远鞋业限公司,2026-01-22 00:00:00,9260.7,安健帐单
INV-AH2601080,AH2601080,莆田安健致远鞋业限公司,2026-01-22 00:00:00,9799.9,安健帐单
INV-AH2601081,AH2601081,莆田安健致远鞋业限公司,2026-01-22 00:00:00,5733.7,安健帐单
INV-AH2601082,AH2601082,莆田安健致远鞋业限公司,2026-01-23 00:00:00,4189.3,安健帐单
INV-AH2601083,AH2601083,莆田安健致远鞋业限公司,2026-01-23 00:00:00,24527.8,安健帐单
INV-AH2601084,AH2601084,莆田安健致远鞋业限公司,2026-01-25 00:00:00,15929.8,安健帐单
INV-AH2601085,AH2601085,莆田安健致远鞋业限公司,2026-01-25 00:00:00,8440.3,安健帐单
INV-AH2601086,AH2601086,莆田安健致远鞋业限公司,2026-01-25 00:00:00,10092.7,安健帐单
INV-AH2601087,AH2601087,莆田安健致远鞋业限公司,2026-01-25 00:00:00,5791.1,安健帐单
INV-AH2601088,AH2601088,莆田安健致远鞋业限公司,2026-01-26 00:00:00,17847.25,安健帐单
INV-AH2601089,AH2601089,莆田安健致远鞋业限公司,2026-01-26 00:00:00,25417.199999999997,安健帐单
INV-AH2601090,AH2601090,莆田安健致远鞋业限公司,2026-01-27 00:00:00,4407.0,安健帐单
INV-AH2601091,AH2601091,莆田安健致远鞋业限公司,2026-01-27 00:00:00,2774.4,安健帐单
INV-AH2601092,AH2601092,莆田安健致远鞋业限公司,2026-01-28 00:00:00,10645.8,安健帐单
INV-AH2601093,AH2601093,莆田安健致远鞋业限公司,2026-01-28 00:00:00,4999.8,安健帐单
INV-AH2601094,AH2601094,莆田安健致远鞋业限公司,2026-01-28 00:00:00,1051.0,安健帐单
INV-AH2601095,AH2601095,莆田安健致远鞋业限公司,2026-01-28 00:00:00,10903.5,安健帐单
INV-AH2601096,AH2601096,莆田安健致远鞋业限公司,2026-01-28 00:00:00,9699.4,安健帐单
INV-AH2601097,AH2601097,莆田安健致远鞋业限公司,2026-01-28 00:00:00,566.8,安健帐单
INV-AH2601098,AH2601098,莆田安健致远鞋业限公司,2026-01-28 00:00:00,12206.7,安健帐单
INV-AH2601099,AH2601099,莆田安健致远鞋业限公司,2026-01-28 00:00:00,934.0,安健帐单
INV-AH2601100,AH2601100,莆田安健致远鞋业限公司,2026-01-28 00:00:00,1134.4,安健帐单
INV-AH2601101,AH2601101,莆田安健致远鞋业限公司,2026-01-28 00:00:00,7495.8,安健帐单
INV-AH2601102,AH2601102,莆田安健致远鞋业限公司,2026-01-28 00:00:00,7515.3,安健帐单
INV-AH2601103,AH2601103,莆田安健致远鞋业限公司,2026-01-28 00:00:00,1890.6999999999998,安健帐单
INV-AH2601104,AH2601104,莆田安健致远鞋业限公司,2026-01-28 00:00:00,9835.3,安健帐单
INV-AH2601105,AH2601105,莆田安健致远鞋业限公司,2026-01-28 00:00:00,5724.900000000001,安健帐单
INV-AH2601106,AH2601106,莆田安健致远鞋业限公司,2026-01-28 00:00:00,7663.199999999998,安健帐单
INV-AH2601107,AH2601107,莆田安健致远鞋业限公司,2026-01-29 00:00:00,17408.5,安健帐单
INV-AH2601108,AH2601108,莆田安健致远鞋业限公司,2026-01-29 00:00:00,6947.400000000001,安健帐单
INV-AH2601109,AH2601109,莆田安健致远鞋业限公司,2026-01-29 00:00:00,2430.9000000000005,安健帐单
INV-AH2601110,AH2601110,莆田安健致远鞋业限公司,2026-01-29 00:00:00,5519.8,安健帐单
INV-AH2601111,AH2601111,莆田安健致远鞋业限公司,2026-01-29 00:00:00,3261.5,安健帐单
INV-AH2601112,AH2601112,莆田安健致远鞋业限公司,2026-01-30 00:00:00,1441.8,安健帐单
INV-AH2601113,AH2601113,莆田安健致远鞋业限公司,2026-01-30 00:00:00,3663.7000000000003,安健帐单
INV-AH2601114,AH2601114,莆田安健致远鞋业限公司,2026-01-30 00:00:00,7983.5,安健帐单
INV-AH2601115,AH2601115,莆田安健致远鞋业限公司,2026-01-30 00:00:00,10568.999999999998,安健帐单
INV-AH2601116,AH2601116,莆田安健致远鞋业限公司,2026-01-30 00:00:00,10422.0,安健帐单
INV-AH2601117,AH2601117,莆田安健致远鞋业限公司,2026-01-31 00:00:00,6794.7,安健帐单
INV-AH2511047,AH2511047,福建安恒致远鞋业有限公司,2025-11-13 00:00:00,366.0,安恒帐单
INV-AH2511094,AH2511094,福建安恒致远鞋业有限公司,2025-11-24 00:00:00,705.5999999999999,安恒帐单
INV-AH25110102,AH25110102,福建安恒致远鞋业有限公司,2025-11-29 00:00:00,50.4,安恒帐单
INV-AH25120030,AH25120030,福建安恒致远鞋业有限公司,2025-12-23 00:00:00,2504.0,安恒帐单
INV-AH2601044,AH2601044,福建安恒致远鞋业有限公司,2026-01-15 00:00:00,10507.5,安恒帐单
INV-AH2601118,AH2601118,福建安恒致远鞋业有限公司,2026-01-28 00:00:00,4717.5,安恒帐单
INV-AH2601119,AH2601119,福建安恒致远鞋业有限公司,2026-01-28 00:00:00,4126.700000000001,安恒帐单
INV-AH2601120,AH2601120,福建安恒致远鞋业有限公司,2026-01-28 00:00:00,1159.0,安恒帐单
INV-AH2601121,AH2601121,福建安恒致远鞋业有限公司,2026-01-28 00:00:00,175.0,安恒帐单
INV-AH2601122,AH2601122,福建安恒致远鞋业有限公司,2026-01-28 00:00:00,270.0,安恒帐单
INV-AH2601123,AH2601123,福建安恒致远鞋业有限公司,2026-01-28 00:00:00,198.0,安恒帐单
INV-AH2601124,AH2601124,福建安恒致远鞋业有限公司,2026-01-28 00:00:00,189.9,安恒帐单
INV-AH2601125,AH2601125,福建安恒致远鞋业有限公司,2026-01-29 00:00:00,3383.7,安恒帐单
INV-AH2601126,AH2601126,福建安恒致远鞋业有限公司,2026-01-29 00:00:00,6048.0,安恒帐单
INV-AH2601127,AH2601127,福建安恒致远鞋业有限公司,2026-01-29 00:00:00,3932.5,安恒帐单
INV-AH2601128,AH2601128,福建安恒致远鞋业有限公司,2026-01-29 00:00:00,77.3,安恒帐单
INV-AH2601129,AH2601129,福建安恒致远鞋业有限公司,2026-01-29 00:00:00,55.89999999999999,安恒帐单
INV-AH2601130,AH2601130,福建安恒致远鞋业有限公司,2026-01-29 00:00:00,100.0,安恒帐单
INV-AH2601131,AH2601131,福建安恒致远鞋业有限公司,2026-01-29 00:00:00,150.0,安恒帐单
INV-AH2601132,AH2601132,福建安恒致远鞋业有限公司,2026-01-29 00:00:00,404.0,安恒帐单
INV-AH2601133,AH2601133,福建安恒致远鞋业有限公司,2026-01-29 00:00:00,82.5,安恒帐单
INV-AH2601134,AH2601134,福建安恒致远鞋业有限公司,2026-01-29 00:00:00,81.0,安恒帐单
INV-AH2601135,AH2601135,福建安恒致远鞋业有限公司,2026-01-29 00:00:00,81.0,安恒帐单
INV-AH2601136,AH2601136,福建安恒致远鞋业有限公司,2026-01-29 00:00:00,369.0,安恒帐单
INV-AH2601137,AH2601137,福建安恒致远鞋业有限公司,2026-01-29 00:00:00,294.5,安恒帐单
INV-AH2601138,AH2601138,福建安恒致远鞋业有限公司,2026-01-29 00:00:00,144.9,安恒帐单
INV-AH2601139,AH2601139,福建安恒致远鞋业有限公司,2026-01-30 00:00:00,324.0,安恒帐单
INV-AH2601140,AH2601140,福建安恒致远鞋业有限公司,2026-01-30 00:00:00,2886.0,安恒帐单
INV-AH2601141,AH2601141,福建安恒致远鞋业有限公司,2026-01-30 00:00:00,3756.0,安恒帐单
INV-AH2601142,AH2601142,福建安恒致远鞋业有限公司,2026-01-30 00:00:00,5700.8,安恒帐单
INV-AH2601143,AH2601143,福建安恒致远鞋业有限公司,2026-01-30 00:00:00,3525.8999999999996,安恒帐单
INV-AH2601144,AH2601144,福建安恒致远鞋业有限公司,2026-01-30 00:00:00,11064.0,安恒帐单
INV-AH2601145,AH2601145,福建安恒致远鞋业有限公司,2026-01-31 00:00:00,8788.5,安恒帐单
INV-AH2601146,AH2601146,福建安恒致远鞋业有限公司,2026-01-31 00:00:00,6457.9,安恒帐单
INV-AH2601147,AH2601147,福建安恒致远鞋业有限公司,2026-01-31 00:00:00,9639.0,安恒帐单
INV-XYL260101,XYL260101,莆田市小月亮鞋业有限公司,2026-01-14 00:00:00,3943.32,小月亮帐单
INV-XYL260102,XYL260102,莆田市小月亮鞋业有限公司,2026-01-20 00:00:00,5338.5,小月亮帐单
INV-XYL260103,XYL260103,莆田市小月亮鞋业有限公司,2026-01-23 00:00:00,4324.5599999999995,小月亮帐单
INV-XYL260104,XYL260104,莆田市小月亮鞋业有限公司,2026-01-29 00:00:00,442.4,小月亮帐单
INV-XYL260201,XYL260201,莆田市小月亮鞋业有限公司,2026-02-02 00:00:00,1611.2,小月亮帐单
INV-KS2602001,KS2602001,康硕,2026-02-01 00:00:00,15000.0,康硕帐单
INV-KS2602002,KS2602002,康硕,2026-02-02 00:00:00,3223.0,康硕帐单
INV-KS2602003,KS2602003,康硕,2026-02-03 00:00:00,3852.0,康硕帐单
INV-KS2602004,KS2602004,康硕,2026-02-04 00:00:00,898.0,康硕帐单
INV-KS260201,KS260201,康硕,2026-02-02 00:00:00,0.0,康硕帐单
INV-HX2601001,HX2601001,恒鑫,2026-01-03 00:00:00,675.0,恒鑫帐单
INV-HX2601002,HX2601002,恒鑫,2026-01-21 00:00:00,332.5,恒鑫帐单
INV-HX2601003,HX2601003,恒鑫,2026-01-21 00:00:00,1274.0,恒鑫帐单
INV-HX2601004,HX2601004,恒鑫,2026-01-26 00:00:00,10565.0,恒鑫帐单
INV-MK251101,MK251101,福州明康商贸有限公司,2025-11-27 00:00:00,430.0,明康帐单
INV-YF-Y240401,YF-Y240401,莆田易发鞋业有限公司,2024-04-08 00:00:00,0.0,易发帐单
INV-YF-Y240402,YF-Y240402,莆田易发鞋业有限公司,2024-04-09 00:00:00,0.0,易发帐单
INV-YF-Y240403,YF-Y240403,莆田易发鞋业有限公司,2024-04-10 00:00:00,0.0,易发帐单
INV-YF-Y240404,YF-Y240404,莆田易发鞋业有限公司,2024-04-30 00:00:00,0.0,易发帐单
INV-YF-Y240405,YF-Y240405,莆田易发鞋业有限公司,2024-05-10 00:00:00,0.0,易发帐单
INV-YF-Y240406,YF-Y240406,莆田易发鞋业有限公司,2024-05-13 00:00:00,0.0,易发帐单
INV-YF-Y240407,YF-Y240407,莆田易发鞋业有限公司,2024-05-14 00:00:00,0.0,易发帐单
INV-YF240501,YF240501,莆田易发鞋业有限公司,2024-05-08 00:00:00,1050.0,易发帐单
INV-HSXC2401001,HSXC2401001,福建星成鞋业有限公司,2024-01-08 00:00:00,240.0,星成帐单
INV-XC221015,XC221015,莆田市星联鞋业有限公司,2022-10-16 00:00:00,374.4,星昌.星联帐单
INV-XC221202,XC221202,莆田市星联鞋业有限公司,2022-12-05 00:00:00,979.2,星昌.星联帐单
INV-XC221225,XC221225,莆田市星联鞋业有限公司,2022-12-29 00:00:00,571.1,星昌.星联帐单
INV-XC230613,XC230613,莆田市星联鞋业有限公司,2023-06-10 00:00:00,495.0,星昌.星联帐单
INV-XC230618,XC230618,莆田市星联鞋业有限公司,2023-06-15 00:00:00,1365.0,星昌.星联帐单
INV-XC230622,XC230622,莆田市星联鞋业有限公司,2023-06-17 00:00:00,67.2,星昌.星联帐单
INV-XC230623,XC230623,莆田市星联鞋业有限公司,2023-06-17 00:00:00,1649.0,星昌.星联帐单
INV-XC230836,XC230836,莆田市星联鞋业有限公司,2023-08-25 00:00:00,36.0,星昌.星联帐单
INV-XC231009,XC231009,莆田市星联鞋业有限公司,2023-10-08 00:00:00,210.0,星昌.星联帐单
INV-XC231117,XC231117,莆田市星联鞋业有限公司,2023-11-20 00:00:00,1274.1,星昌.星联帐单
INV-XC240429,XC240429,莆田市星联鞋业有限公司,2024-04-23 00:00:00,399.0,星昌.星联帐单
INV-XC240436,XC240436,莆田市星联鞋业有限公司,2024-04-26 00:00:00,330.0,星昌.星联帐单
INV-XC240438,XC240438,莆田市星联鞋业有限公司,2024-04-26 00:00:00,460.0,星昌.星联帐单
INV-XC240518,XC240518,莆田市星联鞋业有限公司,2024-05-17 00:00:00,1040.0,星昌.星联帐单
INV-XC2400720,XC2400720,莆田市星联鞋业有限公司,2024-07-18 00:00:00,159.5,星昌.星联帐单
INV-XC2400723,XC2400723,莆田市星联鞋业有限公司,2024-07-22 00:00:00,174.0,星昌.星联帐单
INV-XC2400730,XC2400730,莆田市星联鞋业有限公司,2024-07-29 00:00:00,29.0,星昌.星联帐单
INV-XC2400836,XC2400836,莆田市星联鞋业有限公司,2024-08-22 00:00:00,200.0,星昌.星联帐单
INV-XC2400843,XC2400843,莆田市星联鞋业有限公司,2024-08-28 00:00:00,33.6,星昌.星联帐单
INV-XC2400903,XC2400903,莆田市星联鞋业有限公司,2024-09-03 00:00:00,229.5,星昌.星联帐单
INV-XC2401006,XC2401006,莆田市星联鞋业有限公司,2024-10-07 00:00:00,130.0,星昌.星联帐单
INV-XC2401028,XC2401028,莆田市星联鞋业有限公司,2024-10-30 00:00:00,153.4,星昌.星联帐单
INV-XC2401030,XC2401030,莆田市星联鞋业有限公司,2024-10-30 00:00:00,222.3,星昌.星联帐单
INV-XC2401104,XC2401104,莆田市星联鞋业有限公司,2024-11-05 00:00:00,506.6,星昌.星联帐单
INV-XC2401108,XC2401108,莆田市星联鞋业有限公司,2024-11-09 00:00:00,701.8,星昌.星联帐单
INV-XC2401110,XC2401110,莆田市星联鞋业有限公司,2024-11-10 00:00:00,121.8,星昌.星联帐单
INV-XC2401118,XC2401118,莆田市星联鞋业有限公司,2024-11-13 00:00:00,43.5,星昌.星联帐单
INV-XC2401119,XC2401119,莆田市星联鞋业有限公司,2024-11-15 00:00:00,38.5,星昌.星联帐单
INV-XC2401121,XC2401121,莆田市星联鞋业有限公司,2024-11-15 00:00:00,21.0,星昌.星联帐单
INV-XC2401123,XC2401123,莆田市星联鞋业有限公司,2024-11-19 00:00:00,249.5,星昌.星联帐单
INV-XC2401129,XC2401129,莆田市星联鞋业有限公司,2024-11-25 00:00:00,73.0,星昌.星联帐单
INV-XC2401204,XC2401204,莆田市星联鞋业有限公司,2024-12-10 00:00:00,195.0,星昌.星联帐单
INV-XC2401215,XC2401215,莆田市星联鞋业有限公司,2024-12-20 00:00:00,89.7,星昌.星联帐单
INV-XC2401219,XC2401219,莆田市星联鞋业有限公司,2024-12-26 00:00:00,27.0,星昌.星联帐单
INV-XC2401221,XC2401221,莆田市星联鞋业有限公司,2024-12-30 00:00:00,29.5,星昌.星联帐单
INV-XC2501007,XC2501007,莆田市星联鞋业有限公司,2025-01-07 00:00:00,140.0,星昌.星联帐单
INV-XC2501008,XC2501008,莆田市星联鞋业有限公司,2025-01-07 00:00:00,64.9,星昌.星联帐单
INV-XC2501009,XC2501009,莆田市星联鞋业有限公司,2025-01-09 00:00:00,564.0,星昌.星联帐单
INV-XC2501011,XC2501011,莆田市星联鞋业有限公司,2025-01-11 00:00:00,101.5,星昌.星联帐单
INV-XC250201,XC250201,莆田市星联鞋业有限公司,2025-02-09 00:00:00,269.5,星昌.星联帐单
INV-XC250202,XC250202,莆田市星联鞋业有限公司,2025-02-11 00:00:00,65.0,星昌.星联帐单
INV-XC250212,XC250212,莆田市星联鞋业有限公司,2025-02-22 00:00:00,110.0,星昌.星联帐单
INV-XC250312,XC250312,莆田市星联鞋业有限公司,2025-03-11 00:00:00,690.0,星昌.星联帐单
INV-XC2504003,XC2504003,莆田市星联鞋业有限公司,2025-04-03 00:00:00,216.0,星昌.星联帐单
INV-XC2504004,XC2504004,莆田市星联鞋业有限公司,2025-04-03 00:00:00,668.0,星昌.星联帐单
INV-XC2504005,XC2504005,莆田市星联鞋业有限公司,2025-04-05 00:00:00,249.4,星昌.星联帐单
INV-XC2504006,XC2504006,莆田市星联鞋业有限公司,2025-04-06 00:00:00,583.2,星昌.星联帐单
INV-XC2504007,XC2504007,莆田市星联鞋业有限公司,2025-04-07 00:00:00,29.5,星昌.星联帐单
INV-XC2504009,XC2504009,莆田市星联鞋业有限公司,2025-04-09 00:00:00,11.8,星昌.星联帐单
INV-XC2504024,XC2504024,莆田市星联鞋业有限公司,2025-04-25 00:00:00,507.4,星昌.星联帐单
INV-XC2505001,XC2505001,莆田市星联鞋业有限公司,2025-05-04 00:00:00,15.2,星昌.星联帐单
INV-XC2505004,XC2505004,莆田市星联鞋业有限公司,2025-05-07 00:00:00,216.0,星昌.星联帐单
INV-XC2505005,XC2505005,莆田市星联鞋业有限公司,2025-05-09 00:00:00,15.2,星昌.星联帐单
INV-XC2505007,XC2505007,莆田市星联鞋业有限公司,2025-05-15 00:00:00,108.0,星昌.星联帐单
INV-XC2505011,XC2505011,莆田市星联鞋业有限公司,2025-05-17 00:00:00,13.5,星昌.星联帐单
INV-XC2505017,XC2505017,莆田市星联鞋业有限公司,2025-05-26 00:00:00,1070.0,星昌.星联帐单
INV-XC2507002,XC2507002,莆田市星联鞋业有限公司,2025-07-04 00:00:00,156.0,星昌.星联帐单
INV-XC2507011,XC2507011,莆田市星联鞋业有限公司,2025-07-10 00:00:00,560.0,星昌.星联帐单
INV-XC2507027,XC2507027,莆田市星联鞋业有限公司,2025-07-22 00:00:00,843.7,星昌.星联帐单
INV-XC2507035,XC2507035,莆田市星联鞋业有限公司,2025-07-31 00:00:00,464.0,星昌.星联帐单
INV-XC2508016,XC2508016,莆田市星联鞋业有限公司,2025-08-12 00:00:00,195.0,星昌.星联帐单
INV-XC2508022,XC2508022,莆田市星联鞋业有限公司,2025-08-16 00:00:00,778.8,星昌.星联帐单
INV-XC2509011,XC2509011,莆田市星联鞋业有限公司,2025-09-08 00:00:00,347.7,星昌.星联帐单
INV-XC2510003,XC2510003,莆田市星联鞋业有限公司,2025-10-05 00:00:00,93.3,星昌.星联帐单
INV-XC2510029,XC2510029,莆田市星联鞋业有限公司,2025-10-26 00:00:00,360.0,星昌.星联帐单
INV-XC2511020,XC2511020,莆田市星联鞋业有限公司,2025-11-14 00:00:00,290.0,星昌.星联帐单
INV-XC2511023,XC2511023,莆田市星联鞋业有限公司,2025-11-24 00:00:00,1980.0,星昌.星联帐单
INV-XC2511027,XC2511027,莆田市星联鞋业有限公司,2025-11-30 00:00:00,1800.0,星昌.星联帐单
INV-XC2512002,XC2512002,莆田市星联鞋业有限公司,2025-12-03 00:00:00,40.0,星昌.星联帐单
INV-XC2512004,XC2512004,莆田市星联鞋业有限公司,2025-12-06 00:00:00,384.0,星昌.星联帐单
INV-XC2512007,XC2512007,莆田市星联鞋业有限公司,2025-12-09 00:00:00,292.8,星昌.星联帐单
INV-XC2512009,XC2512009,莆田市星联鞋业有限公司,2025-12-10 00:00:00,246.2,星昌.星联帐单
INV-XC2512010,XC2512010,莆田市星联鞋业有限公司,2025-12-12 00:00:00,705.0,星昌.星联帐单
INV-XC2512011,XC2512011,莆田市星联鞋业有限公司,2025-12-12 00:00:00,4410.0,星昌.星联帐单
INV-XC2512015,XC2512015,莆田市星联鞋业有限公司,2025-12-19 00:00:00,1160.4,星昌.星联帐单
INV-XC2512016,XC2512016,莆田市星联鞋业有限公司,2025-12-25 00:00:00,288.0,星昌.星联帐单
INV-XC2512017,XC2512017,莆田市星联鞋业有限公司,2025-12-25 00:00:00,336.0,星昌.星联帐单
INV-XC2512018,XC2512018,莆田市星联鞋业有限公司,2025-12-25 00:00:00,405.6,星昌.星联帐单
INV-XC2512019,XC2512019,莆田市星联鞋业有限公司,2025-12-29 00:00:00,8620.0,星昌.星联帐单
INV-XC2512020,XC2512020,莆田市星联鞋业有限公司,2025-12-29 00:00:00,3437.6999999999994,星昌.星联帐单
INV-XC2601001,XC2601001,莆田市星联鞋业有限公司,2026-01-03 00:00:00,3795.8,星昌.星联帐单
INV-XC2601002,XC2601002,莆田市星联鞋业有限公司,2026-01-09 00:00:00,11526.1,星昌.星联帐单
INV-XC2601003,XC2601003,莆田市星联鞋业有限公司,2026-01-10 00:00:00,1320.2,星昌.星联帐单
INV-XC2601004,XC2601004,莆田市星联鞋业有限公司,2026-01-11 00:00:00,11484.400000000001,星昌.星联帐单
INV-XC2601005,XC2601005,莆田市星联鞋业有限公司,2026-01-12 00:00:00,8415.0,星昌.星联帐单
INV-XC2601006,XC2601006,莆田市星联鞋业有限公司,2026-01-13 00:00:00,3511.7,星昌.星联帐单
INV-XC2601007,XC2601007,莆田市星联鞋业有限公司,2026-01-15 00:00:00,4348.3,星昌.星联帐单
INV-XC2601008,XC2601008,莆田市星联鞋业有限公司,2026-01-15 00:00:00,1375.8,星昌.星联帐单
INV-XC2601009,XC2601009,莆田市星联鞋业有限公司,2026-01-16 00:00:00,9538.4,星昌.星联帐单
INV-XC2601010,XC2601010,莆田市星联鞋业有限公司,2026-01-17 00:00:00,13504.4,星昌.星联帐单
INV-XC2601011,XC2601011,莆田市星联鞋业有限公司,2026-01-20 00:00:00,1363.7,星昌.星联帐单
INV-XC2601012,XC2601012,莆田市星联鞋业有限公司,2026-01-22 00:00:00,2059.6,星昌.星联帐单
INV-XC2601013,XC2601013,莆田市星联鞋业有限公司,2026-01-23 00:00:00,11563.8,星昌.星联帐单
INV-XC2601014,XC2601014,莆田市星联鞋业有限公司,2026-01-23 00:00:00,195.0,星昌.星联帐单
INV-XC2601015,XC2601015,莆田市星联鞋业有限公司,2026-01-24 00:00:00,4269.3,星昌.星联帐单
INV-XC2601016,XC2601016,莆田市星联鞋业有限公司,2026-01-25 00:00:00,11536.4,星昌.星联帐单
INV-XC2601017,XC2601017,莆田市星联鞋业有限公司,2026-01-26 00:00:00,1173.3,星昌.星联帐单
INV-XC2601018,XC2601018,莆田市星联鞋业有限公司,2026-01-27 00:00:00,5908.8,星昌.星联帐单
INV-XC2601019,XC2601019,莆田市星联鞋业有限公司,2026-01-28 00:00:00,643.5,星昌.星联帐单
INV-XC2601020,XC2601020,莆田市星联鞋业有限公司,2026-01-30 00:00:00,2015.2000000000003,星昌.星联帐单
INV-JX2504002,JX2504002,莆田市来克体育用品有限公司,2025-04-19 00:00:00,3097.0,来克帐单
INV-JX2504003,JX2504003,莆田市来克体育用品有限公司,2025-04-30 00:00:00,380.0,来克帐单
INV-AUTO-INV-来克帐单,AUTO-INV-来克帐单,莆田市来克体育用品有限公司,,3477.0,来克帐单
INV-HJ231001,HJ231001,福建泓捷鞋业有限公司,2023-10-26 00:00:00,1374.0,泓捷帐单
INV-TBDH2503001,TBDH2503001,特步,2025-03-19 00:00:00,432.85999999999996,特步大货帐单
INV-TBDH2503002,TBDH2503002,特步,2025-03-22 00:00:00,326.39,特步大货帐单
INV-YX2601001,YX2601001,盈兴,2026-01-03 00:00:00,3410.0,盈兴帐单
INV-YX2601002,YX2601002,盈兴,2026-01-05 00:00:00,108.8,盈兴帐单
INV-XLX260101,XLX260101,祥隆星(福建)进出口贸易有限公司,2026-01-21 00:00:00,202.35,祥隆星大货帐单
INV-XC260201,XC260201,福恩娃,2026-02-03 00:00:00,1953.6,福恩娃帐单
INV-FEW260101,FEW260101,福恩娃,2026-01-11 00:00:00,44.0,福恩娃帐单
INV-FEW260102,FEW260102,福恩娃,2026-01-15 00:00:00,183.0,福恩娃帐单
INV-FEW260103,FEW260103,福恩娃,2026-01-23 00:00:00,310.4,福恩娃帐单
INV-FEW260104,FEW260104,福恩娃,2026-01-28 00:00:00,310.4,福恩娃帐单
INV-FEW260105,FEW260105,福恩娃,2026-01-28 00:00:00,365.7,福恩娃帐单
INV-FEW260201,FEW260201,福恩娃,2026-02-02 00:00:00,22.0,福恩娃帐单
INV-FSH2512002,FSH2512002,福盛和,2026-01-14 00:00:00,2440.0,福盛和帐单
INV-FSH2601001,FSH2601001,福盛和,2026-01-27 00:00:00,3724.6,福盛和帐单
INV-FSH2601002,FSH2601002,福盛和,2026-01-31 00:00:00,2273.7,福盛和帐单
INV-FLDH251212,FLDH251212,安迪星（福建）体育用品有限责任公司,2025-12-25 00:00:00,1282.4,福联大货帐单
INV-FLDH260101,FLDH260101,安迪星（福建）体育用品有限责任公司,2026-01-12 00:00:00,358.0,福联大货帐单
INV-FLDH260102,FLDH260102,安迪星（福建）体育用品有限责任公司,2026-01-12 00:00:00,613.0,福联大货帐单
INV-FLDH260103,FLDH260103,安迪星（福建）体育用品有限责任公司,2026-01-12 00:00:00,643.0,福联大货帐单
INV-FLDH260104,FLDH260104,安迪星（福建）体育用品有限责任公司,2026-01-12 00:00:00,307.5,福联大货帐单
INV-FLDH260105,FLDH260105,安迪星（福建）体育用品有限责任公司,2026-01-12 00:00:00,1840.95,福联大货帐单
INV-FLDH260106,FLDH260106,安迪星（福建）体育用品有限责任公司,2026-01-12 00:00:00,8.1,福联大货帐单
INV-FLDH260107,FLDH260107,安迪星（福建）体育用品有限责任公司,2026-01-12 00:00:00,336.69999999999993,福联大货帐单
INV-FLDH260108,FLDH260108,安迪星（福建）体育用品有限责任公司,2026-01-12 00:00:00,115.5,福联大货帐单
INV-FLDH260109,FLDH260109,安迪星（福建）体育用品有限责任公司,2026-01-12 00:00:00,459.9,福联大货帐单
INV-FLDH260110,FLDH260110,安迪星（福建）体育用品有限责任公司,2026-01-12 00:00:00,187.6,福联大货帐单
INV-FLDH260111,FLDH260111,安迪星（福建）体育用品有限责任公司,2026-01-12 00:00:00,60.8,福联大货帐单
INV-FLDH260112,FLDH260112,安迪星（福建）体育用品有限责任公司,2026-01-12 00:00:00,20.4,福联大货帐单
INV-FLDH260113,FLDH260113,安迪星（福建）体育用品有限责任公司,2026-01-12 00:00:00,2103.24,福联大货帐单
INV-FLDH260114,FLDH260114,安迪星（福建）体育用品有限责任公司,2026-01-12 00:00:00,683.4,福联大货帐单
INV-FLDH260115,FLDH260115,安迪星（福建）体育用品有限责任公司,2026-01-12 00:00:00,989.3999999999999,福联大货帐单
INV-FLDH260116,FLDH260116,安迪星（福建）体育用品有限责任公司,2026-01-12 00:00:00,663.0,福联大货帐单
INV-FLDH260117,FLDH260117,安迪星（福建）体育用品有限责任公司,2026-01-12 00:00:00,721.4799999999999,福联大货帐单
INV-FLDH260118,FLDH260118,安迪星（福建）体育用品有限责任公司,2026-01-12 00:00:00,964.24,福联大货帐单
INV-FLDH260119,FLDH260119,安迪星（福建）体育用品有限责任公司,2026-01-12 00:00:00,997.56,福联大货帐单
INV-FLDH260120,FLDH260120,安迪星（福建）体育用品有限责任公司,2026-01-12 00:00:00,160.48,福联大货帐单
INV-FLDH260121,FLDH260121,安迪星（福建）体育用品有限责任公司,2026-01-12 00:00:00,1231.48,福联大货帐单
INV-FLDH260122,FLDH260122,安迪星（福建）体育用品有限责任公司,2026-01-12 00:00:00,719.44,福联大货帐单
INV-FLDH260123,FLDH260123,安迪星（福建）体育用品有限责任公司,2026-01-12 00:00:00,875.84,福联大货帐单
INV-FLDH260124,FLDH260124,安迪星（福建）体育用品有限责任公司,2026-01-12 00:00:00,401.88,福联大货帐单
INV-FLDH260125,FLDH260125,安迪星（福建）体育用品有限责任公司,2026-01-12 00:00:00,393.72,福联大货帐单
INV-FLDH260126,FLDH260126,安迪星（福建）体育用品有限责任公司,2026-01-12 00:00:00,510.0,福联大货帐单
INV-FLDH260127,FLDH260127,安迪星（福建）体育用品有限责任公司,2026-01-12 00:00:00,420.24,福联大货帐单
INV-FLDH260128,FLDH260128,安迪星（福建）体育用品有限责任公司,2026-01-12 00:00:00,328.56,福联大货帐单
INV-FLDH260129,FLDH260129,安迪星（福建）体育用品有限责任公司,2026-01-12 00:00:00,2560.0,福联大货帐单
INV-FLDH260130,FLDH260130,安迪星（福建）体育用品有限责任公司,2026-01-12 00:00:00,1942.3999999999999,福联大货帐单
INV-FLDH260131,FLDH260131,安迪星（福建）体育用品有限责任公司,2026-01-12 00:00:00,616.0,福联大货帐单
INV-FLDH260132,FLDH260132,安迪星（福建）体育用品有限责任公司,2026-01-12 00:00:00,18.2,福联大货帐单
INV-FLDH260133,FLDH260133,安迪星（福建）体育用品有限责任公司,2026-01-12 00:00:00,359.16,福联大货帐单
INV-FLDH260134,FLDH260134,安迪星（福建）体育用品有限责任公司,2026-01-12 00:00:00,359.16,福联大货帐单
INV-FLDH260135,FLDH260135,安迪星（福建）体育用品有限责任公司,2026-01-12 00:00:00,8.1,福联大货帐单
INV-FLDH260136,FLDH260136,安迪星（福建）体育用品有限责任公司,2026-01-12 00:00:00,308.1,福联大货帐单
INV-FLDH260137,FLDH260137,安迪星（福建）体育用品有限责任公司,2026-01-12 00:00:00,1813.95,福联大货帐单
INV-FLDH260138,FLDH260138,安迪星（福建）体育用品有限责任公司,2026-01-12 00:00:00,9.0,福联大货帐单
INV-FLDH260139,FLDH260139,安迪星（福建）体育用品有限责任公司,2026-01-12 00:00:00,630.4,福联大货帐单
INV-FLDH260140,FLDH260140,安迪星（福建）体育用品有限责任公司,2026-01-12 00:00:00,438.6,福联大货帐单
INV-FLDH260141,FLDH260141,安迪星（福建）体育用品有限责任公司,2026-01-12 00:00:00,438.6,福联大货帐单
INV-FLDH260142,FLDH260142,安迪星（福建）体育用品有限责任公司,2026-01-16 00:00:00,371.5,福联大货帐单
INV-FLDH260143,FLDH260143,安迪星（福建）体育用品有限责任公司,2026-01-16 00:00:00,612.0,福联大货帐单
INV-FLDH260144,FLDH260144,安迪星（福建）体育用品有限责任公司,2026-01-16 00:00:00,468.0,福联大货帐单
INV-FLDH260145,FLDH260145,安迪星（福建）体育用品有限责任公司,2026-01-16 00:00:00,1188.0,福联大货帐单
INV-FLDH260146,FLDH260146,安迪星（福建）体育用品有限责任公司,2026-01-16 00:00:00,1440.0,福联大货帐单
INV-FLDH260147,FLDH260147,安迪星（福建）体育用品有限责任公司,2026-01-16 00:00:00,1908.0,福联大货帐单
INV-FLDH260148,FLDH260148,安迪星（福建）体育用品有限责任公司,2026-01-16 00:00:00,936.0,福联大货帐单
INV-FLDH260149,FLDH260149,安迪星（福建）体育用品有限责任公司,2026-01-16 00:00:00,102.2,福联大货帐单
INV-FLDH260150,FLDH260150,安迪星（福建）体育用品有限责任公司,2026-01-16 00:00:00,231.0,福联大货帐单
INV-FLDH260151,FLDH260151,安迪星（福建）体育用品有限责任公司,2026-01-16 00:00:00,483.7,福联大货帐单
INV-FLDH260152,FLDH260152,安迪星（福建）体育用品有限责任公司,2026-01-16 00:00:00,64.39999999999999,福联大货帐单
INV-FLDH260153,FLDH260153,安迪星（福建）体育用品有限责任公司,2026-01-16 00:00:00,598.5,福联大货帐单
INV-FLDH260154,FLDH260154,安迪星（福建）体育用品有限责任公司,2026-01-16 00:00:00,5254.4,福联大货帐单
INV-FLDH260155,FLDH260155,安迪星（福建）体育用品有限责任公司,2026-01-16 00:00:00,1157.6,福联大货帐单
INV-FLDH260156,FLDH260156,安迪星（福建）体育用品有限责任公司,2026-01-16 00:00:00,3722.3999999999996,福联大货帐单
INV-FLDH260157,FLDH260157,安迪星（福建）体育用品有限责任公司,2026-01-16 00:00:00,721.2,福联大货帐单
INV-FLDH260158,FLDH260158,安迪星（福建）体育用品有限责任公司,2026-01-16 00:00:00,398.5,福联大货帐单
INV-FLDH260159,FLDH260159,安迪星（福建）体育用品有限责任公司,2026-01-16 00:00:00,7863.15,福联大货帐单
INV-FLDH260160,FLDH260160,安迪星（福建）体育用品有限责任公司,2026-01-16 00:00:00,2196.0,福联大货帐单
INV-FLDH260161,FLDH260161,安迪星（福建）体育用品有限责任公司,2026-01-16 00:00:00,823.2,福联大货帐单
INV-FLDH260162,FLDH260162,安迪星（福建）体育用品有限责任公司,2026-01-16 00:00:00,1157.6,福联大货帐单
INV-FLDH260163,FLDH260163,安迪星（福建）体育用品有限责任公司,2026-01-16 00:00:00,823.2,福联大货帐单
INV-LD251103,LD251103,福建省莆田市联大鞋业有限公司,2025-11-20 00:00:00,98062.8,联大帐单
INV-DS251001,DS251001,莆田市联成众合贸易有限公司,45960,386.88,联成帐单
INV-APEX2512005,APEX2512005,福建安恒致远鞋业有限公司（越南安恒）,2025-12-23 00:00:00,333.5,越南安恒帐单
INV-APEX2512009,APEX2512009,福建安恒致远鞋业有限公司（越南安恒）,2025-12-26 00:00:00,247.5,越南安恒帐单
INV-APEX2601001,APEX2601001,福建安恒致远鞋业有限公司（越南安恒）,2026-01-02 00:00:00,3007.0,越南安恒帐单
INV-APEX2601002,APEX2601002,福建安恒致远鞋业有限公司（越南安恒）,2026-01-04 00:00:00,8188.0,越南安恒帐单
INV-APEX2601003,APEX2601003,福建安恒致远鞋业有限公司（越南安恒）,2026-01-06 00:00:00,2801.0,越南安恒帐单
INV-APEX2601004,APEX2601004,福建安恒致远鞋业有限公司（越南安恒）,2026-01-07 00:00:00,3060.75,越南安恒帐单
INV-APEX2601005,APEX2601005,福建安恒致远鞋业有限公司（越南安恒）,2026-01-07 00:00:00,1459.2,越南安恒帐单
INV-APEX2601006,APEX2601006,福建安恒致远鞋业有限公司（越南安恒）,2026-01-07 00:00:00,1058.5,越南安恒帐单
INV-APEX2601007,APEX2601007,福建安恒致远鞋业有限公司（越南安恒）,2026-01-08 00:00:00,3412.0,越南安恒帐单
INV-APEX2601008,APEX2601008,福建安恒致远鞋业有限公司（越南安恒）,2026-01-09 00:00:00,3333.0,越南安恒帐单
INV-APEX2601009,APEX2601009,福建安恒致远鞋业有限公司（越南安恒）,2026-01-10 00:00:00,2199.5,越南安恒帐单
INV-APEX2601010,APEX2601010,福建安恒致远鞋业有限公司（越南安恒）,2026-01-12 00:00:00,2344.5,越南安恒帐单
INV-APEX2601011,APEX2601011,福建安恒致远鞋业有限公司（越南安恒）,2026-01-14 00:00:00,4268.0,越南安恒帐单
INV-APEX2601012,APEX2601012,福建安恒致远鞋业有限公司（越南安恒）,2026-01-14 00:00:00,883.8,越南安恒帐单
INV-APEX2601013,APEX2601013,福建安恒致远鞋业有限公司（越南安恒）,2026-01-15 00:00:00,1710.5,越南安恒帐单
INV-APEX2601014,APEX2601014,福建安恒致远鞋业有限公司（越南安恒）,2026-01-15 00:00:00,2952.0,越南安恒帐单
INV-APEX2601015,APEX2601015,福建安恒致远鞋业有限公司（越南安恒）,2026-01-17 00:00:00,2281.0,越南安恒帐单
INV-APEX2601016,APEX2601016,福建安恒致远鞋业有限公司（越南安恒）,2026-01-19 00:00:00,1585.5,越南安恒帐单
INV-APEX2601017,APEX2601017,福建安恒致远鞋业有限公司（越南安恒）,2026-01-20 00:00:00,1025.5,越南安恒帐单
INV-APEX2601018,APEX2601018,福建安恒致远鞋业有限公司（越南安恒）,2026-01-21 00:00:00,4998.5,越南安恒帐单
INV-APEX2601019,APEX2601019,福建安恒致远鞋业有限公司（越南安恒）,2026-01-22 00:00:00,648.0,越南安恒帐单
INV-APEX2601020,APEX2601020,福建安恒致远鞋业有限公司（越南安恒）,2026-01-23 00:00:00,2222.0,越南安恒帐单
INV-APEX2601021,APEX2601021,福建安恒致远鞋业有限公司（越南安恒）,2026-01-24 00:00:00,800.0,越南安恒帐单
INV-APEX2601022,APEX2601022,福建安恒致远鞋业有限公司（越南安恒）,2026-01-28 00:00:00,4966.0,越南安恒帐单
INV-APEX2601023,APEX2601023,福建安恒致远鞋业有限公司（越南安恒）,2026-01-29 00:00:00,498.9,越南安恒帐单
INV-DF250101,DF250101,宁波顶峰户外服饰有限公司,2025-01-11 00:00:00,81.2,顶峰帐单
INV-DF2503001,DF2503001,宁波顶峰户外服饰有限公司,2025-03-19 00:00:00,1709.4,顶峰帐单
INV-DF2504001,DF2504001,宁波顶峰户外服饰有限公司,2025-04-02 00:00:00,304.5,顶峰帐单
INV-DF2504002,DF2504002,宁波顶峰户外服饰有限公司,2025-04-18 00:00:00,21807.7,顶峰帐单
