external_order_no,customer_name,order_date,remarks
4510173274,双源,2025-01-02 00:00:00,
3000183006,恒鑫,2025-01-02 00:00:00,
3000183007,恒鑫,2025-01-02 00:00:00,退回剩218Y
3000183005,恒鑫,2025-01-02 00:00:00,1月2号收到
HX1190-001,恒鑫,2025-01-03 00:00:00,
HX1190-002,恒鑫,2025-01-03 00:00:00,
HX1190-003,恒鑫,2025-01-03 00:00:00,同深蓝一个色
HX1190-005,恒鑫,2025-01-03 00:00:00,
HX1190-018,恒鑫,2025-01-03 00:00:00,
ALCPO2500019,安健致远,2025-01-03 00:00:00,
ALCPO2426170,安健致远,2025-01-03 00:00:00,
P250102003,福联/安迪星,2025-01-03 00:00:00,扣11/25号
4510173360,星昌/星联,2025-01-03 00:00:00,
4510173569,星昌/星联,2025-01-03 00:00:00,
CGD20250100014,联成,2025-01-03 00:00:00,
CGD20250100031,联成,2025-01-03 00:00:00,
CGD20250100078,联成,2025-01-03 00:00:00,
CGD20250100150,联成,2025-01-04 00:00:00,
CGD20250100196,联成,2025-01-04 00:00:00,
ALCPO2500032,安健致远,2025-01-04 00:00:00,1/5收到色卡
ALCPO2500035,安健致远,2025-01-04 00:00:00,按色卡修
4510173836,双源,2025-01-05 00:00:00,
4510173961,星昌/星联,2025-01-05 00:00:00,
ALCPO2500083,安健致远,2025-01-06 00:00:00,库存16Y
ALCPO2500093,安健致远,2025-01-06 00:00:00,
AHJPO2501525,安恒,2025-01-07 00:00:00,
4510174318,星昌/星联,2025-01-07 00:00:00,
4510174193,星昌/星联,2025-01-07 00:00:00,
CGD20250100313,联成,2025-01-08 00:00:00,
ALCPO2500197,安健致远,2025-01-08 00:00:00,
ALCPO2500225,安健致远,2025-01-09 00:00:00,
CGD20250100369,联成,2025-01-09 00:00:00,
CGD20250100378,联成,2025-01-09 00:00:00,
微信截图,联成,2025-01-10 00:00:00,
CGD20250100394,联成,2025-01-10 00:00:00,
4510174929,星昌/星联,2025-01-10 00:00:00,
ALCPO2500416,安健致远,2025-01-11 00:00:00,
AHJPO2502094,安恒,2025-01-11 00:00:00,1/4收到
CGD20250100503,联成,2025-01-11 00:00:00,有86Y发错扣用
4510175149,星昌/星联,2025-01-12 00:00:00,
ALCPO2500535,安健致远,2025-01-12 00:00:00,
ALCPO2500539,安健致远,2025-01-12 00:00:00,
CGD20250100549,联成,2025-01-13 00:00:00,
CGD20250100568,联成,2025-01-13 00:00:00,有86Y发错扣用
PA250113025,福联/安迪星,2025-01-13 00:00:00,
PA250113026,福联/安迪星,2025-01-13 00:00:00,
CGD20250100581,联成,2025-01-13 00:00:00,
CGD20250100602,联成,2025-01-14 00:00:00,
CGD20250100598,联成,2025-01-14 00:00:00,
AHJPO2503892,安恒,2025-01-14 00:00:00,2/15收到
PA250114018,福联/安迪星,2025-01-14 00:00:00,2/20收到
PA250114039,福联/安迪星,2025-01-14 00:00:00,1/17收到
CGD20250100630,联成,2025-01-14 00:00:00,
ALCPO2500594,安健致远,2025-01-14 00:00:00,
4510175346,双源,2025-01-14 00:00:00,1/15收到
CGD20250100638,联成,2025-01-14 00:00:00,
AHJPO2504057,安恒,2025-01-14 00:00:00,
ALCPO2500622,安健致远,2025-01-15 00:00:00,
CGD20250100702,联成,2025-01-15 00:00:00,有86Y发错扣用
PA250115007,福联/安迪星,2025-01-15 00:00:00,
PA250115028,福联/安迪星,2025-01-15 00:00:00,2/16收到
ALCPO2500670,安健致远,2025-01-15 00:00:00,没货调泉亿本白
ALCPO2500673,安健致远,2025-01-15 00:00:00,
ALCPO2500699,安健致远,2025-01-16 00:00:00,
AHJPO2504192,安恒,2025-01-16 00:00:00,
AHJPO2504198,安恒,2025-01-16 00:00:00,
AHJPO2504318,安恒,2025-01-16 00:00:00,
CGD20250100801,联成,2025-01-16 00:00:00,2/13通知取消！
ALCPO2500778,安健致远,2025-01-16 00:00:00,
CGD20250100821,联成,2025-01-16 00:00:00,
J20250116001,盈兴,2025-01-17 00:00:00,1/18收到
CGD20250100893,联成,2025-01-17 00:00:00,
4510176017,星昌/星联,2025-01-17 00:00:00,2/12已排
4510176071,星昌/星联,2025-01-17 00:00:00,
ALCPO2501065,安健致远,2025-01-18 00:00:00,
ALCPO2501170,安健致远,2025-01-19 00:00:00,
PA250120025,福联/安迪星,2025-01-20 00:00:00,对原始色卡
PA250120031,福联/安迪星,2025-01-20 00:00:00,
4510176440,星昌/星联,2025-01-20 00:00:00,
CGD20250100964,联成,2025-01-21 00:00:00,
AHJPO2505152,安恒,2025-01-22 00:00:00,进缸黑
AHJPO2505167,安恒,2025-01-22 00:00:00,
CGD20250200036,联成,2025-02-05 00:00:00,
CGD20250200053,联成,2025-02-05 00:00:00,2/6通知暂停！
4510177139,星昌/星联,2025-02-06 00:00:00,加样品7Y一起排/样鞋2/17收到
4510177094,星昌/星联,2025-02-06 00:00:00,
ALCPO2501666,安健致远,2025-02-07 00:00:00,
ALCPO2501664,安健致远,2025-02-07 00:00:00,2/12收到色卡
ALCPO2501670,安健致远,2025-02-07 00:00:00,
4510177267,双源,2025-02-07 00:00:00,
ALCPO2501690,安健致远,2025-02-07 00:00:00,
AHJPO2505495,安恒,2025-02-08 00:00:00,
ALCPO2501909,安健致远,2025-02-08 00:00:00,
4510177756,星昌/星联,2025-02-09 00:00:00,2/12已排
K25128A/B/C黑色同24124,康硕,2025-02-09 00:00:00,
4510177696,星昌/星联,2025-02-09 00:00:00,
4510177743,星昌/星联,2025-02-09 00:00:00,
4510177861,双源,2025-02-10 00:00:00,新色卡/寄确认
AHJPO2505595,安恒,2025-02-10 00:00:00,
CGD20250200209,联成,2025-02-10 00:00:00,
4510177845,星昌/星联,2025-02-10 00:00:00,
4510177958,星昌/星联,2025-02-10 00:00:00,
4510178092,星昌/星联,2025-02-11 00:00:00,
K-25133-137,康硕,2025-02-11 00:00:00,挂双辉去排
CGD20250200271,联成,2025-02-11 00:00:00,
CGD20250200300,联成,2025-02-11 00:00:00,
CGD20250200355,联成,2025-02-12 00:00:00,
CGD20250200407,联成,2025-02-12 00:00:00,
CGD20250200422,联成,2025-02-12 00:00:00,
4510178315,双源,2025-02-13 00:00:00,
4510178316,双源,2025-02-13 00:00:00,
4510178350,星昌/星联,2025-02-13 00:00:00,
ALCPO2502399,安健致远,2025-02-13 00:00:00,
AHJPO2506497,安恒,2025-02-13 00:00:00,
4510178668,双源,2025-02-14 00:00:00,2/15排
CGD20250200502,联成,2025-02-14 00:00:00,
CGD20250200560,联成,2025-02-14 00:00:00,
ALCPO2502504,安健致远,2025-02-14 00:00:00,
ALCPO2502442,安健致远,2025-02-14 00:00:00,2/22恢复
ALCPO2502483,安健致远,2025-02-14 00:00:00,2/25恢复
ALCPO2502549,安健致远,2025-02-14 00:00:00,2/25恢复
补单,安健致远,2025-02-15 00:00:00,"先不排,等通知"
4510178776,双源,2025-02-15 00:00:00,库存打下剩小件
PA250214006,福联/安迪星,2025-02-14 00:00:00,同100232039
PA250214007,福联/安迪星,2025-02-14 00:00:00,
4510178482,星昌/星联,2025-02-14 00:00:00,
4510178755,星昌/星联,2025-02-14 00:00:00,1.5米
25026A,福盛和,2025-02-14 00:00:00,
25026B,福盛和,2025-02-14 00:00:00,
25069B,福盛和,2025-02-14 00:00:00,
25069A,福盛和,2025-02-15 00:00:00,
CGD20250200569,联成,2025-02-14 00:00:00,
CGD20250200586,联成,2025-02-14 00:00:00,
CGD20250200612,联成,2025-02-15 00:00:00,
CGD20250200664,联成,2025-02-17 00:00:00,2/24更改数量
CGD20250200671,联成,2025-02-17 00:00:00,
PA250215039,福联/安迪星,2025-02-17 00:00:00,
4510178977,星昌/星联,2025-02-17 00:00:00,
CGD20250200711,联成,2025-02-17 00:00:00,
ALCPO2503309,安健致远,2025-02-17 00:00:00,
CGD20250200779,联成,2025-02-18 00:00:00,
AHJPO2507070,安恒,2025-02-18 00:00:00,
P250218002,福联/安迪星,2025-02-18 00:00:00,
AHJPO2507659,安恒,2025-02-18 00:00:00,
4510179351,星昌/星联,2025-02-18 00:00:00,2/19收到
AHJPO2507976,安恒,2025-02-18 00:00:00,
ALCPO2503340,安健致远,2025-02-19 00:00:00,修色过
ALCPO2503334,安健致远,2025-02-19 00:00:00,
ALCPO2503424,安健致远,2025-02-20 00:00:00,
ALCPO2503419,安健致远,2025-02-20 00:00:00,1/16收到
4510179377,星昌/星联,2025-02-20 00:00:00,
4510179564,星昌/星联,2025-02-20 00:00:00,
PA250220010,福联/安迪星,2025-02-20 00:00:00,
ALCPO2503442,安健致远,2025-02-20 00:00:00,
CGD20250200877,联成,2025-02-19 00:00:00,
CGD20250200923,联成,2025-02-19 00:00:00,
AHJPO2508772,安恒,2025-02-20 00:00:00,
AHJPO2508769,安恒,2025-02-20 00:00:00,
ALCPO2503579,安健致远,2025-02-21 00:00:00,排180Y
4510179646,双源,2025-02-20 00:00:00,
ALCPO2503587,安健致远,2025-02-21 00:00:00,
4510179699,星昌/星联,2025-02-21 00:00:00,
AHJPO2508896,安恒,2025-02-21 00:00:00,
4510179976,双源,2025-02-21 00:00:00,2/23收到
ALCPO2503637,安健致远,2025-02-22 00:00:00,没货按色卡去染
4510180138,星昌/星联,2025-02-22 00:00:00,
ALCPO2503659,安健致远,2025-02-22 00:00:00,45717
4510180235,星昌/星联,2025-02-22 00:00:00,
ALCPO2503614,安健致远,2025-02-22 00:00:00,
ALCPO2503676,安健致远,2025-02-23 00:00:00,2/24收到/剪确认
CGD20250201079,联成,2025-02-22 00:00:00,
CGD20250201031,联成,2025-02-22 00:00:00,
AHJPO2509232,安恒,2025-02-22 00:00:00,2/24收到
AHJPO2509305,安恒,2025-02-23 00:00:00,
AHJPO2509284,安恒,2025-02-23 00:00:00,
CGD20250201134,联成,2025-02-24 00:00:00,
CGD20250201129,联成,2025-02-24 00:00:00,
4510180314,双源,2025-02-24 00:00:00,
4510180405,星昌/星联,2025-02-24 00:00:00,
ALCPO2503762,安健致远,2025-02-24 00:00:00,
ALCPO2503795,安健致远,2025-02-24 00:00:00,
ALCPO2503874,安健致远,2025-02-25 00:00:00,3/2收到
ALCPO2503838,安健致远,2025-02-24 00:00:00,
ALCPO2503897,安健致远,2025-02-25 00:00:00,
ALCPO2503955,安健致远,2025-02-26 00:00:00,
4510180691,星昌/星联,2025-02-25 00:00:00,
4510180738,双源,2025-02-25 00:00:00,3/1收到
4510180908,双源,2025-02-26 00:00:00,3/1收到
AHJPO2509623,安恒,2025-02-25 00:00:00,
AHJPO2509912,安恒,2025-02-26 00:00:00,
AHJPO2509751,安恒,2025-02-26 00:00:00,
CGD20250201213,联成,2025-02-25 00:00:00,多23.69下次订单扣用
CGD20250201301,联成,2025-02-26 00:00:00,
PA250225091,福联/安迪星,2025-02-25 00:00:00,
AHJPO2509988,安恒,2025-02-27 00:00:00,
PA250225004,福联/安迪星,2025-02-25 00:00:00,0
AHJPO2510045,安恒,2025-02-27 00:00:00,
AHJPO2510121,安恒,2025-02-27 00:00:00,
AHJPO2510179,安恒,2025-02-27 00:00:00,
4510180987,星昌/星联,2025-02-27 00:00:00,
P250227010,福联/安迪星,2025-02-27 00:00:00,
AHJPO2510397,安恒,2025-02-28 00:00:00,
AHJPO2510448,安恒,2025-02-28 00:00:00,
AHJPO2510909,安恒,2025-03-01 00:00:00,
AHJPO2510883,安恒,2025-03-02 00:00:00,
ALCPO2504196,安健致远,2025-03-01 00:00:00,3/4收到/荣翔还有6件
ALCPO2504213,安健致远,2025-03-02 00:00:00,
4510178620,星昌/星联,2025-03-03 00:00:00,
J20250302005,盈兴,2025-03-03 00:00:00,3/2收到
J20250302006,盈兴,2025-03-03 00:00:00,3/2收到
4510181850,星昌/星联,2025-03-03 00:00:00,
AHJPO2509755,安恒,2025-03-03 00:00:00,
AHJPO2510320,安恒,2025-03-03 00:00:00,3/4收到/剪现货
AHJPO2511122,安恒,2025-03-03 00:00:00,
4510181997,双源,2025-03-04 00:00:00,
4510182033,双源,2025-03-04 00:00:00,
CGD20250201333,联成,2025-03-04 00:00:00,
CGD20250201351,联成,2025-03-04 00:00:00,
CGD20250201382,联成,2025-03-04 00:00:00,
CGD20250300059,联成,2025-03-04 00:00:00,多23.69下次订单扣用
CGD20250300098,联成,2025-03-04 00:00:00,
CGD20250300113,联成,2025-03-04 00:00:00,多23.69下次订单扣用
4510182304,星昌/星联,2025-03-06 00:00:00,
HX1190-004,恒鑫,2025-03-07 00:00:00,剩2件半
HX1190-019,恒鑫,2025-03-07 00:00:00,
CGD20250300155,联成,2025-03-07 00:00:00,
CGD20250300168,联成,2025-03-07 00:00:00,
CGD20250300335,联成,2025-03-07 00:00:00,
AHJPO2511908,安恒,2025-03-07 00:00:00,
AHJPO2512566,安恒,2025-03-07 00:00:00,
AHJPO2513311,安恒,2025-03-08 00:00:00,
ALCPO2504558,安健致远,2025-03-08 00:00:00,
4510183191,星昌/星联,2025-03-08 00:00:00,
PA250307033,福联/安迪星,2025-03-07 00:00:00,
PA250308022,福联/安迪星,2025-03-07 00:00:00,3/11收到
AHJPO2513866,安恒,2025-03-10 00:00:00,
ALCPO2504717,安健致远,2025-03-10 00:00:00,库存110#
P250310004,福联/安迪星,2025-03-10 00:00:00,
AHJPO2513854,安恒,2025-03-10 00:00:00,3/21收到/260Y
PA250310037,福联/安迪星,2025-03-10 00:00:00,0
PA250310043,福联/安迪星,2025-03-10 00:00:00,0
AHJPO2514435,安恒,2025-03-12 00:00:00,
AHJPO2514520,安恒,2025-03-12 00:00:00,
AHJPO2514573,安恒,2025-03-12 00:00:00,100Y分化
AHJPO2514428,安恒,2025-03-12 00:00:00,
4510183985,星昌/星联,2025-03-12 00:00:00,群里补单说没货
4510183922,星昌/星联,2025-03-12 00:00:00,
CGD20250300449,联成,2025-03-13 00:00:00,
CGD20250300371,联成,2025-03-13 00:00:00,
CGD20250300493,联成,2025-03-13 00:00:00,
AHJPO2514839,安恒,2025-03-13 00:00:00,
ALCPO2504981,安健致远,2025-03-14 00:00:00,
ALCPO2503714,安健致远,2025-03-14 00:00:00,
4510184650,星昌/星联,2025-03-14 00:00:00,
4510184672,星昌/星联,2025-03-14 00:00:00,3/15收/剪确认
AHJPO2504273,安恒,2025-03-14 00:00:00,
4510184731,星昌/星联,2025-03-15 00:00:00,库存76#
AHJPO2515281,安恒,2025-03-15 00:00:00,欠色卡剪安健库存去确认
LT-20250217013,良泰,2025-03-15 00:00:00,
4510184844,星昌/星联,2025-03-15 00:00:00,
AHJPO2515445,安恒,2025-03-15 00:00:00,
ALCPO2505345,安健致远,2025-03-16 00:00:00,3/31收到排30公斤
CGD20250300533,联成,2025-03-17 00:00:00,
CGD20250300543,联成,2025-03-17 00:00:00,
4510185097,星昌/星联,2025-03-17 00:00:00,
4510184868,星昌/星联,2025-03-17 00:00:00,
AHJPO2448000,安恒,2025-03-17 00:00:00,
XXXCQ25415802,特步,2025-03-17 00:00:00,送辉利
4510185319,星昌/星联,2025-03-17 00:00:00,7公斤
4510185265,星昌/星联,2025-03-17 00:00:00,3/19收到
4510185368,双源,2025-03-17 00:00:00,剪确认
AHJPO2515763,安恒,2025-03-17 00:00:00,3/21收到
4510183502,双源,2025-03-17 00:00:00,
4510182191,双源,2025-03-17 00:00:00,
AHJPO2515823,安恒,2025-03-19 00:00:00,
4510185398,星昌/星联,2025-03-19 00:00:00,
4510185462,双源,2025-03-19 00:00:00,排1件
XXXCQ25415803,特步,2025-03-19 00:00:00,送辉利
XXXCQ25415804,特步,2025-03-19 00:00:00,送辉利
4510185632,星昌/星联,2025-03-19 00:00:00,
ALCPO2505596,安健致远,2025-03-19 00:00:00,扣163#大件
ALCPO2505607,安健致远,2025-03-19 00:00:00,
ALCPO2505659,安健致远,2025-03-20 00:00:00,现货
J20250320002,盈兴,2025-03-20 00:00:00,3/21收到扣库180#
AHJPO2516254,安恒,2025-03-20 00:00:00,
AHJPO2516289,安恒,2025-03-20 00:00:00,
CGD20250300572,联成,2025-03-20 00:00:00,
4510186279,星昌/星联,2025-03-21 00:00:00,
ALCPO2506164,安健致远,2025-03-22 00:00:00,
ALCPO2506167,安健致远,2025-03-22 00:00:00,
ALCPO2506199,安健致远,2025-03-22 00:00:00,
4510186431,星昌/星联,2025-03-22 00:00:00,库存50#
4510186463,星昌/星联,2025-03-22 00:00:00,
CGD20250300764,联成,2025-03-22 00:00:00,
AHJPO2516666,安恒,2025-03-24 00:00:00,
4510186751,星昌/星联,2025-03-24 00:00:00,
ALCPO2506347,安健致远,2025-03-25 00:00:00,
ALCPO2506353,安健致远,2025-03-25 00:00:00,
ALCPO2506384,安健致远,2025-03-25 00:00:00,3/28收到
ALCPO2505366,安健致远,2025-03-25 00:00:00,
ALCPO2506373,安健致远,2025-03-25 00:00:00,
AHJPO2517137,安恒,2025-03-25 00:00:00,
AHJPO2517138,安恒,2025-03-25 00:00:00,141Y分化
ALCPO2506554,安健致远,2025-03-25 00:00:00,3/27改数量
ALCPO2506372,安健致远,2025-03-25 00:00:00,
ALCPO2506568,安健致远,2025-03-25 00:00:00,
ALCPO2506565,安健致远,2025-03-25 00:00:00,
AHJPO2516996,越南安恒,2025-03-25 00:00:00,同018单/联系郑经理
4510186910,星昌/星联,2025-03-26 00:00:00,
4510187175,星昌/星联,2025-03-26 00:00:00,
4510187169,星昌/星联,2025-03-26 00:00:00,
AHJPO2517371,安恒,2025-03-26 00:00:00,
ALCPO2506618,安健致远,2025-03-26 00:00:00,
ALCPO2506684,安健致远,2025-03-26 00:00:00,
AHJPO2517394,安恒,2025-03-26 00:00:00,
AHJPO2517417,安恒,2025-03-26 00:00:00,
ALCPO2506686,安健致远,2025-03-26 00:00:00,3/28收到
4510187276,星昌/星联,2025-03-27 00:00:00,
4510187206,星昌/星联,2025-03-26 00:00:00,
ALCPO2506718,安健致远,2025-03-27 00:00:00,
ALCPO2506735,安健致远,2025-03-27 00:00:00,排550Y
25026E,福盛和,2025-03-27 00:00:00,剪确认
AHJPO2517473,安恒,2025-03-26 00:00:00,4/1收到/排65Y
ALCPO2506744,安健致远,2025-03-27 00:00:00,
CGD20250300933,联成,2025-03-26 00:00:00,
CGD20250300950,联成,2025-03-26 00:00:00,
CGD20250300966,联成,2025-03-26 00:00:00,
CGD20250301006,联成,2025-03-27 00:00:00,
25026A-1,福盛和,2025-03-27 00:00:00,
25026B-1,福盛和,2025-03-27 00:00:00,
2025HL027/028,顶峰,2025-03-27 00:00:00,
AHJPO2518261,安恒,2025-03-28 00:00:00,"已发,补开货单"
AHJPO2518303,安恒,2025-03-28 00:00:00,4/1收到剪确认本白
ALCPO2507041,安健致远,2025-03-29 00:00:00,扣双源-A盛伟做的
ALCPO2507054,安健致远,2025-03-29 00:00:00,26扣199#
CGD20250301049,联成,2025-03-29 00:00:00,
CGD20250301062,联成,2025-03-29 00:00:00,
4510187968,星昌/星联,2025-03-29 00:00:00,
AHJPO2518398,安恒,2025-03-29 00:00:00,
ALCPO2507070,安健致远,2025-03-29 00:00:00,
AHJPO2518435,安恒,2025-03-31 00:00:00,"4/6收到,"
4510188151,星昌/星联,2025-03-31 00:00:00,
4510188469,星昌/星联,2025-04-01 00:00:00,
4510188861,星昌/星联,2025-04-02 00:00:00,
CHT2502069-04,来克,2025-04-02 00:00:00,
CHT2502068-04,来克,2025-04-02 00:00:00,
CHT2502067-02,来克,2025-04-02 00:00:00,
CHT2502066-03,来克,2025-04-02 00:00:00,
CHT2502064-03,来克,2025-04-02 00:00:00,
ALCPO2507469,安健致远,2025-04-02 00:00:00,4/2收到/排2件
AHJPO2520592,安恒,2025-04-01 00:00:00,
AHJPO2520634,安恒,2025-04-02 00:00:00,"4/3收到,开机"
AHJPO2520637,安恒,2025-04-02 00:00:00,
AHJPO2520707,安恒,2025-04-02 00:00:00,
CGD20250400016,联成,2025-04-02 00:00:00,
CGD20250400064,联成,2025-04-02 00:00:00,
CGD20250400135,联成,2025-04-02 00:00:00,
ALCPO2507691,安健致远,2025-04-02 00:00:00,
4510188855,星昌/星联,2025-04-02 00:00:00,
ALCPO2507812,安健致远,2025-04-02 00:00:00,
ALCPO2507801,安健致远,2025-04-02 00:00:00,4/7收到/剪宏境确认
4510189210,双源,2025-04-03 00:00:00,
4510189328,星昌/星联,2025-04-03 00:00:00,
ALCPO2507907,安健致远,2025-04-05 00:00:00,
4510181004,星昌/星联,2025-04-05 00:00:00,
4510174520,星昌/星联,2025-04-05 00:00:00,
AHJPO2520930,安恒,2025-04-05 00:00:00,
4510189624,星昌/星联,2025-04-05 00:00:00,
4510189636,星昌/星联,2025-04-05 00:00:00,
ALCPO2507984,安健致远,2025-04-05 00:00:00,
ALCPO2508001,安健致远,2025-04-05 00:00:00,4/15取消
4510189747,星昌/星联,2025-04-06 00:00:00,
ALCPO2508399,安健致远,2025-04-07 00:00:00,
4510189824,星昌/星联,2025-04-07 00:00:00,
AHJPO2520957,安恒,2025-04-07 00:00:00,前面已发150Y
CGD20250400193,联成,2025-04-07 00:00:00,
J20250407001,盈兴,2025-04-07 00:00:00,扣库样品盛1件
4510190025,星昌/星联,2025-04-07 00:00:00,
4510190090,星昌/星联,2025-04-09 00:00:00,
4510190207,星昌/星联,2025-04-09 00:00:00,
AHJPO2520951,安恒,2025-04-14 00:00:00,标A
4510191199,双源,2025-04-14 00:00:00,盛1件加2小件/排100公斤
系统升级还没给订单,安恒,2025-04-14 00:00:00,
4510191154,星昌/星联,2025-04-14 00:00:00,
ALCPO2508616,安健致远,2025-04-15 00:00:00,
4510191502,星昌/星联,2025-04-15 00:00:00,
4510191527,星昌/星联,2025-04-15 00:00:00,做500Y
CGD20250400348,联成,2025-04-15 00:00:00,
CGD20250400397,联成,2025-04-15 00:00:00,
CGD20250400438,联成,2025-04-15 00:00:00,
CGD20250400444,联成,2025-04-15 00:00:00,
CGD20250400460,联成,2025-04-15 00:00:00,
CGD20250400574,联成,2025-04-15 00:00:00,
4510191556,星昌/星联,2025-04-15 00:00:00,
K25223/225,康硕,2025-04-15 00:00:00,要更改纹路
K25223/226,康硕,2025-04-15 00:00:00,要更改纹路
K-25210黑色,康硕,2025-04-15 00:00:00,排600Y
4510191671,星昌/星联,2025-04-16 00:00:00,
4510191819,星昌/星联,2025-04-17 00:00:00,
4510192068,双联,2025-04-17 00:00:00,1
4510192078,星昌/星联,2025-04-17 00:00:00,
J20250418001,盈兴,2025-04-18 00:00:00,4/19收到
4510192102,双源,2025-04-18 00:00:00,
AHJPO2525353,安恒,2025-04-18 00:00:00,"2件去上,5月6号给订单"
4510192316,星昌/星联,2025-04-19 00:00:00,
4510192365,星昌/星联,2025-04-19 00:00:00,
CGD20250400599,联成,2025-04-19 00:00:00,
CGD20250400616,联成,2025-04-19 00:00:00,
4510192787,双源,2025-04-22 00:00:00,"本白,开染费"
AHJPO2528063,安恒,2025-04-22 00:00:00,更改数量
J20250423001,盈兴,2025-04-23 00:00:00,
ALCPO2507707,安健致远,2025-04-24 00:00:00,
4510193276,双源,2025-04-24 00:00:00,
4510193591,双源,2025-04-25 00:00:00,
4510193729,星昌/星联,2025-04-26 00:00:00,
4510193818,双源,2025-04-26 00:00:00,
4510193809,星昌/星联,2025-04-26 00:00:00,
AHJPO2526816,安恒,2025-04-26 00:00:00,宏溢/4/27收到加无氟防虹吸
AHJPO2527932,安恒,2025-04-26 00:00:00,4/27收到/无氟防虹吸
AHJPO2526829,安恒,2025-04-26 00:00:00,4/27收到5/30恢复
4510193825,星昌/星联,2025-04-26 00:00:00,
4510193920,双源,2025-04-28 00:00:00,
AHJPO2521172,安恒,2025-04-28 00:00:00,
4510193972,星昌/星联,2025-04-28 00:00:00,
4510194086,双源,2025-04-28 00:00:00,
ALCPO2508512,安健致远,2025-04-29 00:00:00,排1件
ALCPO2508541,安健致远,2025-04-30 00:00:00,
4510194683,双源,2025-04-30 00:00:00,开染费
AHJPO2535467,安恒,2025-04-30 00:00:00,库存150#
AHJPO2535952,安恒,2025-04-30 00:00:00,
J20250430002,盈兴,2025-04-30 00:00:00,5/3收到
4510194990,星昌/星联,2025-05-02 00:00:00,
4510195414,星昌/星联,2025-05-04 00:00:00,
4510195520,星昌/星联,2025-05-04 00:00:00,
AHJPO2523739,安恒,2025-05-04 00:00:00,5/8减少数量
AHJPO2527595,安恒,2025-05-04 00:00:00,5/15取消
4510195541,双源,2025-05-05 00:00:00,
4510195550,星昌/星联,2025-05-05 00:00:00,5/6收到水洗本白耐黄
AHJPO2524610,安恒,2025-05-05 00:00:00,
4510195727,双源,2025-05-06 00:00:00,1件
AHJPO2524794,安恒,2025-05-06 00:00:00,前面订单没订单号多发83Y扣用
AHJPO2524867,安恒,2025-05-06 00:00:00,
4510195917,星昌/星联,2025-05-06 00:00:00,
AHJPO2525508,安恒,2025-05-06 00:00:00,
AHJPO2525438,安恒,2025-05-06 00:00:00,
4510196008,星昌/星联,2025-05-07 00:00:00,
AHJPO2521187,安恒,2025-05-07 00:00:00,5/10恢复
AHJPO2525902,安恒,2025-05-07 00:00:00,5/15收到
ALCPO2509697,安健致远,2025-05-07 00:00:00,
237841,KSD,2025-05-09 00:00:00,
ALCPO2509722,安健致远,2025-05-09 00:00:00,
4510196541,双联,2025-05-09 00:00:00,1
AHJPO2526391,安恒,2025-05-09 00:00:00,"6/8收到,反面对色,允收,下次翻单才对色卡"
AHJPO2526770,越南安恒,2025-05-10 00:00:00,库存2件
AHJPO2526761,安恒,2025-05-10 00:00:00,
AHJPO2526795,安恒,2025-05-10 00:00:00,
J20250512001,盈兴,2025-05-12 00:00:00,5/12收到件本白
ALCPO2509973,安健致远,2025-05-12 00:00:00,
ALCPO2510001,安健致远,2025-05-12 00:00:00,5/13收到剪
4510196985,星昌/星联,2025-05-12 00:00:00,调现货
AHJPO2527210,安恒,2025-05-12 00:00:00,排180Y
ALCPO2510067,安健致远,2025-05-13 00:00:00,
ALCPO2510049,安健致远,2025-05-13 00:00:00,
302448L,KSD,2025-05-13 00:00:00,环保树脂2个点
303262L,KSD,2025-05-13 00:00:00,
4510197144,星昌/星联,2025-05-13 00:00:00,
4510197421,星昌/星联,2025-05-14 00:00:00,水洗本白耐黄
4510195991,星昌/星联,2025-05-14 00:00:00,
4510188139,星昌/星联,2025-05-14 00:00:00,
4510185059,星昌/星联,2025-05-14 00:00:00,
4510197464,双源,2025-05-15 00:00:00,
AHJPO2528060,安恒,2025-05-15 00:00:00,5/15收到
AHJPO2528049,安恒,2025-05-15 00:00:00,5/19群里通知减少
4510197801,星昌/星联,2025-05-15 00:00:00,
4510197919,星昌/星联,2025-05-16 00:00:00,
ALCPO2510206,安健致远,2025-05-16 00:00:00,欠色卡5/17取消
AHJPO2528170,越南安恒,2025-05-16 00:00:00,同Z24039-154
4510198222,星昌/星联,2025-05-17 00:00:00,
J20250517001,盈兴,2025-05-17 00:00:00,水洗本白耐黄
J20250517002,盈兴,2025-05-17 00:00:00,排550Y
ALCPO2510324,安健致远,2025-05-17 00:00:00,
CGD20250500319,联成,2025-05-17 00:00:00,
CGD20250500340,联成,2025-05-17 00:00:00,5/5多发26.09Y扣用
ALCPO2510345,安健致远,2025-05-18 00:00:00,5/18收到剪确认
K25220/221/222,康硕,2025-05-18 00:00:00,5/12收到
ALCPO2510370,安健致远,2025-05-19 00:00:00,
ALCPO2510359,安健致远,2025-05-19 00:00:00,
AHJPO2528567,安恒,2025-05-19 00:00:00,"5/26收到,剪安健确认"
AHJPO2528583,安恒,2025-05-19 00:00:00,
4510198645,星昌/星联,2025-05-19 00:00:00,
4510198680,星昌/星联,2025-05-19 00:00:00,
ALCPO2510383,安健致远,2025-05-20 00:00:00,
ALCPO2510379,安健致远,2025-05-20 00:00:00,"5/21收到,5/30取消"
ALCPO2510410,安健致远,2025-05-20 00:00:00,
CGD20250500436,联成,2025-05-20 00:00:00,5/5多发26.09Y扣用
ALCPO2510437,安健致远,2025-05-21 00:00:00,
ALCPO2510431,安健致远,2025-05-21 00:00:00,"Z25321-1,剪本白确认"
HX25102 -018,恒鑫,2025-05-21 00:00:00,5/23收到
HX25102-018,恒鑫,2025-05-21 00:00:00,5/23收到
AHJPO2528881,安恒,2025-05-21 00:00:00,色卡同25320款一致
400121L,KSD,2025-05-21 00:00:00,
237145,KSD,2025-05-21 00:00:00,
302696L,KSD,2025-05-21 00:00:00,
4510199134,星昌/星联,2025-05-22 00:00:00,排1件
4510199182,星昌/星联,2025-05-22 00:00:00,
4510199413,双源,2025-05-22 00:00:00,
4510199440,星昌/星联,2025-05-22 00:00:00,6/4群里取消
AHJPO2520985,安恒,2025-05-22 00:00:00,
ALCPO2510632,安健致远,2025-05-23 00:00:00,150公斤
AHJPO2529118,安恒,2025-05-23 00:00:00,"5/26收到,排1件"
ALCPO2510666,安健致远,2025-05-23 00:00:00,
ALCPO2510669,安健致远,2025-05-23 00:00:00,
AHJPO2529582,安恒,2025-05-23 00:00:00,
25026B-2,福盛和,2025-05-24 00:00:00,剪确认
K25235/32/33/34,康硕,2025-05-24 00:00:00,"黑度没要求,"
K-25238黑色,康硕,2025-05-24 00:00:00,"5/24收到,排155公斤"
K25239/25240,康硕,2025-05-24 00:00:00,排490公斤
K25239,康硕,2025-05-24 00:00:00,
K25240/25239,康硕,2025-05-24 00:00:00,
AHJPO2529764,安恒,2025-05-25 00:00:00,
AHJPO2529759,安恒,2025-05-25 00:00:00,
ALCPO2510784,安健致远,2025-05-25 00:00:00,
4510199898,星昌/星联,2025-05-26 00:00:00,
AHJPO2529902,安恒,2025-05-26 00:00:00,
4510200170,星昌/星联,2025-05-26 00:00:00,
4510200321,双源,2025-05-27 00:00:00,
AHJPO2530049,安恒,2025-05-27 00:00:00,
AHJPO2530081,安恒,2025-05-28 00:00:00,欠色卡
ALCPO2510904,安健致远,2025-05-29 00:00:00,
4510200711,星昌/星联,2025-05-29 00:00:00,6/6收到
4510200677,双源,2025-05-29 00:00:00,
J20250529003,盈兴,2025-05-29 00:00:00,
4510200696,星昌/星联,2025-05-29 00:00:00,
AHJPO2530446,安恒,2025-05-30 00:00:00,
AHJPO2530739,安恒,2025-05-30 00:00:00,改色10Y
4510201289,星昌/星联,2025-05-30 00:00:00,6/6群里取消
AHJPO2530834,安恒,2025-06-02 00:00:00,
ALCPO2511010,安健致远,2025-06-02 00:00:00,
AHJPO2517401,安恒,2025-06-02 00:00:00,
AHJPO2531206,越南安恒,2025-06-02 00:00:00,
ALCPO2511018,安健致远,2025-06-03 00:00:00,
4510201682,星昌/星联,2025-06-03 00:00:00,6/28清洗回220.7公斤9件
ALCP02510898,安健致远,2025-06-03 00:00:00,
AHJPO2531329,安恒,2025-06-03 00:00:00,
AHJPO2531332,安恒,2025-06-03 00:00:00,
AHJPO2531359,安恒,2025-06-03 00:00:00,扣库福联
ALCPO2511031,安健致远,2025-06-03 00:00:00,
4510201847,星昌/星联,2025-06-03 00:00:00,
AHJPO2532129,安恒,2025-06-04 00:00:00,
AHJPO2531878,安恒,2025-06-04 00:00:00,
AHJPO2531863,安恒,2025-06-04 00:00:00,
K25218灰色,康硕,2025-06-04 00:00:00,
K25219深棕,康硕,2025-06-04 00:00:00,
ALCPO2511052,安健致远,2025-06-04 00:00:00,
ALCPO2511054,安健致远,2025-06-04 00:00:00,合用 颜色同胜利蓝YS640接近
AHJPO2531425,安恒,2025-06-04 00:00:00,
AHJPO2531675,安恒,2025-06-04 00:00:00,
4510202092,星昌/星联,2025-06-05 00:00:00,
25026A-2,福盛和,2025-06-05 00:00:00,
25026B-3,福盛和,2025-06-05 00:00:00,
ALCPO2511072,安健致远,2025-06-05 00:00:00,
4510202388,星昌/星联,2025-06-05 00:00:00,6/6收到
CGD20250600055,联成,2025-06-05 00:00:00,
CGD20250600064,联成,2025-06-05 00:00:00,
CGD20250600100,联成,2025-06-06 00:00:00,5/5多发26.09Y扣用
AHJPO2531807,安恒,2025-06-06 00:00:00,
4510202659,星昌/星联,2025-06-06 00:00:00,
ALCPO2511085,安健致远,2025-06-07 00:00:00,
4510202759,星昌/星联,2025-06-07 00:00:00,排1900Y
4510202738,双源,2025-06-07 00:00:00,
AHJPO2531840,安恒,2025-06-07 00:00:00,
CGD20250600113,联成,2025-06-07 00:00:00,
ALCPO2511097,安健致远,2025-06-07 00:00:00,
ALCPO2511103,安健致远,2025-06-07 00:00:00,"6/10收到,剪确认安恒颜色"
25052C,福盛和,2025-06-09 00:00:00,6/10收到
25052D,福盛和,2025-06-09 00:00:00,6/10收到
ALCP02511132,安健致远,2025-06-10 00:00:00,
AHJPO2532454,安恒,2025-06-10 00:00:00,
AHJPO2532845,安恒,2025-06-10 00:00:00,
4510203183,双源,2025-06-10 00:00:00,
4510203257,星昌/星联,2025-06-11 00:00:00,6/12收到
AHJPO2532875,安恒,2025-06-11 00:00:00,
4510203422,星昌/星联,2025-06-11 00:00:00,排70公斤
ALCPO2511155,安健致远,2025-06-11 00:00:00,
4510203303,双源,2025-06-11 00:00:00,开染费
J20250611001,盈兴,2025-06-11 00:00:00,6/12收到
J20250611002,盈兴,2025-06-11 00:00:00,"6/12收到,剪确认"
J20250611003,盈兴,2025-06-11 00:00:00,"6/12收到,剪确认"
4510203364,星昌/星联,2025-06-11 00:00:00,
ALCPO2511189,安健致远,2025-06-12 00:00:00,
4510203524,星昌/星联,2025-06-12 00:00:00,
ALCPO2511199,安健致远,2025-06-12 00:00:00,"6/13收到,剪确认"
AHJPO2533155,安恒,2025-06-12 00:00:00,
ALCPO2511210,安健致远,2025-06-12 00:00:00,"6/15收到,色卡有光"
6719014,KSD,2025-06-13 00:00:00,
5263558,KSD,2025-06-13 00:00:00,
ALCPO2511240,安健致远,2025-06-14 00:00:00,
4510204038,星昌/星联,2025-06-14 00:00:00,
CGD20250600253,联成,2025-06-14 00:00:00,5/5多发26.09Y扣用
ALCPO2511248,安健致远,2025-06-14 00:00:00,
AHJPO2527877,安恒,2025-06-14 00:00:00,
AHJPO2533408,安恒,2025-06-15 00:00:00,
AHJPO2533427,安恒,2025-06-16 00:00:00,
CGD20250600283,联成,2025-06-16 00:00:00,5/5多发26.09Y扣用
J20250616004,盈兴,2025-06-16 00:00:00,6/17收到样鞋
J20250616005,盈兴,2025-06-16 00:00:00,6/17收到样鞋
J20250616006,盈兴,2025-06-16 00:00:00,6/17收到样鞋
J20250616003,盈兴,2025-06-16 00:00:00,剪库存235#去确认
AHJPO2533461,安恒,2025-06-16 00:00:00,
4510204359,双源,2025-06-17 00:00:00,
4510204540,星昌/星联,2025-06-17 00:00:00,
AHJPO2533593,越南安恒,2025-06-17 00:00:00,
4510204682,双源,2025-06-18 00:00:00,
J20250618001,盈兴,2025-06-18 00:00:00,
ALCPO2511389,安健致远,2025-06-18 00:00:00,
CGD20250600316,联成,2025-06-18 00:00:00,
CGD20250600351,联成,2025-06-19 00:00:00,
AHJPO2532868,安恒,2025-06-19 00:00:00,6/21群里取消
ALCPO2511396,安健致远,2025-06-19 00:00:00,"6/20收到,剪确认"
AHJPO2533820,安恒,2025-06-19 00:00:00,
CGD20250600383,联成,2025-06-20 00:00:00,
AHJPO2533967,安恒,2025-06-20 00:00:00,
ALCPO2511438,安健致远,2025-06-20 00:00:00,排25Y
CGD20250600485,联成,2025-06-21 00:00:00,
CGD20250600490,联成,2025-06-21 00:00:00,
4510205566,星昌/星联,2025-06-23 00:00:00,
AHJPO2534053,安恒,2025-06-23 00:00:00,
4510203013,双源,2025-06-25 00:00:00,
ALCPO2511541,安健致远,2025-06-25 00:00:00,"6/26收到,剪卡其确认库存两批1件加1件半"
CGD20250600613,联成,2025-06-25 00:00:00,
CGD20250600647,联成,2025-06-26 00:00:00,
AHJPO2534463,安恒,2025-06-26 00:00:00,"欠色卡,6/27取消"
AHJPO2534506,安恒,2025-06-27 00:00:00,7件去上防虹吸183公斤
AHJPO2534458,安恒,2025-06-27 00:00:00,
CGD20250600666,联成,2025-06-27 00:00:00,
HLX25060125,协诚,2025-06-27 00:00:00,"剪确认,7/9说不用防虹吸"
HLX25060126,协诚,2025-06-27 00:00:00,剪确认
ALCPO2511592,安健致远,2025-06-27 00:00:00,排1件
ALCPO2511573,安健致远,2025-06-27 00:00:00,
ALCPO2511619,安健致远,2025-06-27 00:00:00,
CGD20250600707,联成,2025-06-27 00:00:00,
4510206797,星昌/星联,2025-06-28 00:00:00,扣双源盛伟那缸
4510206838,星昌/星联,2025-06-28 00:00:00,"7/2收到,按色卡做"
AHJPO2534799,安恒,2025-06-28 00:00:00,
K25244黑/深蓝,康硕,2025-06-28 00:00:00,
ALCPO2511730,安健致远,2025-06-30 00:00:00,
4510207072,双源,2025-06-30 00:00:00,排4件
4510207169,双源,2025-07-01 00:00:00,
J20250701004,盈兴,2025-07-01 00:00:00,"7/2收到鞋舌用完归还,剪海盐色确认"
CGD20250700018,联成,2025-07-01 00:00:00,
4510207404,星昌/星联,2025-07-01 00:00:00,"7/11发偏黑点,不能偏红,剪确认"
CGD20250700034,联成,2025-07-01 00:00:00,
4510207452,双源,2025-07-02 00:00:00,
ALCP02511760,安健致远,2025-07-02 00:00:00,
AHJPO2535442,越南安恒,2025-07-03 00:00:00,做500Y
CGD20250700116,联成,2025-07-03 00:00:00,
AHJPO2535392,安恒,2025-07-03 00:00:00,
4510207882,双源,2025-07-03 00:00:00,开染费
4510207903,星昌/星联,2025-07-03 00:00:00,
25026B-4,福盛和,2025-07-04 00:00:00,剪确认
CGD20250700190,联成,2025-07-04 00:00:00,"剩余15.79,下次扣用联成仓库"
4510208083,星昌/星联,2025-07-04 00:00:00,
4510208312,星昌/星联,2025-07-04 00:00:00,
AHJPO2535551,安恒,2025-07-04 00:00:00,
CGD20250700230,联成,2025-07-05 00:00:00,
4510208370,星昌/星联,2025-07-05 00:00:00,排200公斤
K25260深灰/粉红,康硕,2025-07-05 00:00:00,7/5收到
K25265深灰/粉红,康硕,2025-07-05 00:00:00,7/5收到
K25261深灰/桔色,康硕,2025-07-05 00:00:00,"7/5收到,剪确认"
K25266深灰/桔色,康硕,2025-07-05 00:00:00,7/5收到
K25258灰/黑色,康硕,2025-07-05 00:00:00,7/5收到样鞋
K25264灰/黑色,康硕,2025-07-05 00:00:00,7/5收到
K25259粉红/黑色,康硕,2025-07-05 00:00:00,7/5收到
4510208428,星昌/星联,2025-07-07 00:00:00,退回906Y
4510208269,双源,2025-07-07 00:00:00,
K25246/247/248,康硕,2025-07-07 00:00:00,扣库1件220Y
K25242粉色,康硕,2025-07-07 00:00:00,7/9更改220码克
K25244/25243/25242,康硕,2025-07-07 00:00:00,
K25262粉红,康硕,2025-07-07 00:00:00,排55公斤
K25263军兰,康硕,2025-07-07 00:00:00,"修色过,"
4510208667,双源,2025-07-08 00:00:00,排150公斤
4510208701,星昌/星联,2025-07-08 00:00:00,
4510208862,星昌/星联,2025-07-09 00:00:00,
4510208876,星昌/星联,2025-07-09 00:00:00,"够,开染费"
J20250709003,盈兴,2025-07-09 00:00:00,7/10收到
J20250709004,盈兴,2025-07-09 00:00:00,"7/10收到,"
4510209030,星昌/星联,2025-07-10 00:00:00,
4510209197,双源,2025-07-10 00:00:00,
415045N,KSD,2025-07-10 00:00:00,"没胚宏溢开机,大白色卡"
408051NT,KSD,2025-07-10 00:00:00,家里850#改黑
AHJPO2536632,安恒,2025-07-11 00:00:00,扣样品库存
AHJPO2536639,安恒,2025-07-12 00:00:00,
4510209447,星昌/星联,2025-07-12 00:00:00,
4510209496,星昌/星联,2025-07-12 00:00:00,
400200L,KSD,2025-07-13 00:00:00,
4510209540,星昌/星联,2025-07-14 00:00:00,
K-25284黑色,康硕,2025-07-14 00:00:00,25210
K25285黑+湖水蓝,康硕,2025-07-14 00:00:00,"同25239/25240,备800Y"
K25286碳灰+红,康硕,2025-07-14 00:00:00,同25239/25240
ALCPO2511939,安健致远,2025-07-14 00:00:00,"7/15收到,剪确认"
ALCPO2511990,安健致远,2025-07-15 00:00:00,7/20收到
"25277-281,25282-284",康硕,2025-07-15 00:00:00,
ALCPO2512000,安健致远,2025-07-15 00:00:00,
CGD20250700418,联成,2025-07-16 00:00:00,
K25298A,康硕,2025-07-16 00:00:00,7/17收到
K25298B,康硕,2025-07-16 00:00:00,7/17收到
K25270,康硕,2025-07-16 00:00:00,待定
K25269,康硕,2025-07-16 00:00:00,7/17 收到样鞋
ALCPO2512022,安健致远,2025-07-16 00:00:00,
AHJPO2536947,越南安恒,2025-07-16 00:00:00,排做500Y
4510210045,星昌/星联,2025-07-17 00:00:00,
4510210081,星昌/星联,2025-07-17 00:00:00,
419102L,KSD,2025-07-17 00:00:00,排185公斤
4510210528,星昌/星联,2025-07-19 00:00:00,7/22收到
4510210534,星昌/星联,2025-07-19 00:00:00,
J20250619003,盈兴,2025-07-19 00:00:00,
J20250719004,盈兴,2025-07-19 00:00:00,
J20250719001,盈兴,2025-07-19 00:00:00,
J20250719002,盈兴,2025-07-19 00:00:00,
AHJPO2537042,安恒,2025-07-20 00:00:00,
K25267,康硕,2025-07-20 00:00:00,7/17收到
K25268,康硕,2025-07-20 00:00:00,7/17收到
K25300/25304/25299/25302,康硕,2025-07-20 00:00:00,7/20收到
K25301/25303,康硕,2025-07-20 00:00:00,7/20收到
K25302,康硕,2025-07-20 00:00:00,7/20收到
AHJPO2537127,安恒,2025-07-20 00:00:00,
ALCPO2512073,安健致远,2025-07-20 00:00:00,排1600Y
ALCPO2512078,安健致远,2025-07-20 00:00:00,
预告单,安健致远,2025-07-20 00:00:00,（预计9月份送）
ALCPO2512118,安健致远,2025-07-21 00:00:00,
AHJPO2537226,安恒,2025-07-22 00:00:00,排800Y
4510210843,星昌/星联,2025-07-22 00:00:00,
ALCPO2512174,安健致远,2025-07-22 00:00:00,"8/3收到,剪确认"
ALCPO2512177,安健致远,2025-07-22 00:00:00,8/3收到
LCPO2512217,安健致远,2025-07-22 00:00:00,8/3收到
ALCPO2512217,安健致远,2025-07-22 00:00:00,8/3收到
ALCPO2512213,安健致远,2025-07-22 00:00:00,8/3收到
CGD20250700529,联成,2025-07-22 00:00:00,
4510210980,星昌/星联,2025-07-22 00:00:00,
4510211002,双源,2025-07-22 00:00:00,
AHJPO2537244,安恒,2025-07-22 00:00:00,7/28收到
25078A,福盛和,2025-07-22 00:00:00,7/23收到
25078B,福盛和,2025-07-22 00:00:00,7/23收到
4510211105,星昌/星联,2025-07-23 00:00:00,
4510211062,星昌/星联,2025-07-23 00:00:00,
AHJPO2537296,越南安恒,2025-07-23 00:00:00,7/24收到
CGD20250700571,联成,2025-07-24 00:00:00,
ALCPO2512324,安健致远,2025-07-24 00:00:00,
4510211609,星昌/星联,2025-07-25 00:00:00,"排30Y,色布改,8/1恢复"
CGD20250700597,联成,2025-07-25 00:00:00,
CGD2025070062,联成,2025-07-25 00:00:00,
400151L,KSD,2025-07-26 00:00:00,
AHJPO2537545,安恒,2025-07-26 00:00:00,
4510211769,星昌/星联,2025-07-26 00:00:00,
ALCPO2512359,安健致远,2025-07-26 00:00:00,欠色卡
AHJPO2537556,安恒,2025-07-27 00:00:00,
J20250728002,盈兴,2025-07-28 00:00:00,
J20250728003,盈兴,2025-07-28 00:00:00,
ALCPO2512399,安健致远,2025-07-28 00:00:00,
ALCPO2512383,安健致远,2025-07-28 00:00:00,"7/22收到,剪确认"
25078C,福盛和,2025-07-28 00:00:00,欠色卡
CGD20250700644,联成,2025-07-28 00:00:00,
AHJP02537797,安恒,2025-07-28 00:00:00,"7/29收到,余67"
AHJPO2538526,安恒,2025-07-28 00:00:00,"欠色卡,剪确认预告129Y"
ALCPO2512427,安健致远,2025-07-29 00:00:00,用福联退回16件蓝光
J20250729003,盈兴,2025-07-29 00:00:00,
AHJPO2537876,安恒,2025-07-29 00:00:00,
CGD20250700706,联成,2025-07-29 00:00:00,
CGD20250700758,联成,2025-07-29 00:00:00,
AHJPO2538231,安恒,2025-07-29 00:00:00,
4510212119,双源,2025-07-29 00:00:00,7/31收到
4510212197,星昌/星联,2025-07-30 00:00:00,
AHJPO2538248,安恒,2025-07-30 00:00:00,"7/31收到,本白色卡,不用佳耐黄"
4510212249,星昌/星联,2025-07-30 00:00:00,
AHJPO2538475,安恒,2025-07-30 00:00:00,"7/31收到,排3000Y"
401490L,KSD,2025-07-30 00:00:00,"7/30收到,剪确认"
4510212321,星昌/星联,2025-07-31 00:00:00,"去年9/25号,剪确认"
4510212352,星昌/星联,2025-07-31 00:00:00,8/3收到
403966L,KSD,2025-07-30 00:00:00,8/2取消
ALCPO2512539,安健致远,2025-07-30 00:00:00,"7/31收到,"
ALCPO2512550,安健致远,2025-07-31 00:00:00,"8/3收到,剪确认"
ALCPO2512547,安健致远,2025-07-31 00:00:00,8/3收到
K25281/280/279/278/277,康硕,2025-07-31 00:00:00,7/31排
ALCPO2512659,安健致远,2025-07-31 00:00:00,8/3收到
25243,康硕,2025-07-31 00:00:00,7/31收到鞋垫
K25299黑,康硕,2025-08-01 00:00:00,8/2收到
303261L,KSD,2025-08-01 00:00:00,
ALCPO2512713,安健致远,2025-08-01 00:00:00,8/3收到
ALCPO2512697,安健致远,2025-08-01 00:00:00,
AHJPO2539025,安恒,2025-08-01 00:00:00,
CGD20250800032,联成,2025-08-02 00:00:00,
AHJPO2539108,安恒,2025-08-02 00:00:00,预告19Y
AHJPO2539189,安恒,2025-08-03 00:00:00,8/8收到预告118Y
4510213067,星昌/星联,2025-08-04 00:00:00,
4510213232,星昌/星联,2025-08-04 00:00:00,
4510213228,星昌/星联,2025-08-04 00:00:00,
AHJPO2539629,安恒,2025-08-04 00:00:00,
ALCPO2512147,安健致远,2025-08-04 00:00:00,
4510213530,星昌/星联,2025-08-05 00:00:00,8/6收到
4510213450,星昌/星联,2025-08-05 00:00:00,
AHJPO2539895,安恒,2025-08-06 00:00:00,预告116
4510213600,双源,2025-08-06 00:00:00,
4510213348,双源,2025-08-06 00:00:00,
4510213688,双源,2025-08-06 00:00:00,
4510213975,星昌/星联,2025-08-07 00:00:00,
ALCPO2513541,安健致远,2025-08-07 00:00:00,
ALCPO2513540,安健致远,2025-08-07 00:00:00,8/8收到
ALCPO2514945,安健致远,2025-08-07 00:00:00,2025-9-5交
"预告单,",安健致远,2025-08-07 00:00:00,可以和大货要求生产做好等通知送货
4510214117,星昌/星联,2025-08-08 00:00:00,
ALCPO2513545,安健致远,2025-08-08 00:00:00,
4510214359,星昌/星联,2025-08-08 00:00:00,
AHJPO2541368,安恒,2025-08-09 00:00:00,
AHJPO2541372,安恒,2025-08-09 00:00:00,
4510214437,星昌/星联,2025-08-09 00:00:00,
AHJPO2541383,安恒,2025-08-09 00:00:00,8/10收到
AHJPO2543607,安恒,2025-08-09 00:00:00,剪确认
AHJPO2541421,安恒,2025-08-10 00:00:00,"欠色卡,剪确认OK"
AHJPO2541503,安恒,2025-08-11 00:00:00,"8/11收到,剪本白"
4510214458,双源,2025-08-11 00:00:00,
4510214556,星昌/星联,2025-08-11 00:00:00,
4510214622,星昌/星联,2025-08-11 00:00:00,
AHJPO2542264,安恒,2025-08-11 00:00:00,
ALCPO2514979,安健致远,2025-08-12 00:00:00,
ALCPO2514985,安健致远,2025-08-12 00:00:00,排220Y
4510214797,双源,2025-08-12 00:00:00,
4510214829,星昌/星联,2025-08-12 00:00:00,
AHJPO2543253,安恒,2025-08-12 00:00:00,8/13收到排960Y
ALCPO2515019,安健致远,2025-08-13 00:00:00,
4510215020,双源,2025-08-13 00:00:00,
ALCPO2515048,安健致远,2025-08-14 00:00:00,
ALCPO2515060,安健致远,2025-08-14 00:00:00,
ALCPO2514980,安健致远,2025-08-14 00:00:00,
AHJPO2543844,安恒,2025-08-14 00:00:00,
4510215235,双源,2025-08-14 00:00:00,欠色卡
CGD20250800386,联成,2025-08-14 00:00:00,剩余19.19Y联成库存
AHJPO2544106,安恒,2025-08-15 00:00:00,8/15收到
4510215072,星昌/星联,2025-08-15 00:00:00,
4510215315,星昌/星联,2025-08-15 00:00:00,
4510215440,双源,2025-08-15 00:00:00,做6件
4510215363,星昌/星联,2025-08-15 00:00:00,
4510215640,星昌/星联,2025-08-15 00:00:00,
4510215634,星昌/星联,2025-08-15 00:00:00,
CGD20250800575,联成,2025-08-15 00:00:00,
CGD20250800577,联成,2025-08-15 00:00:00,
CGD20250800597,联成,2025-08-16 00:00:00,
J20250816003,盈兴,2025-08-16 00:00:00,
AHJPO2544568,安恒,2025-08-16 00:00:00,
AHJPO2544639,安恒,2025-08-16 00:00:00,
AHJPO2544717,安恒,2025-08-16 00:00:00,8/17收到
AHJPO2545479,安恒,2025-08-16 00:00:00,
AHJPO2545484,安恒,2025-08-17 00:00:00,
404115L,KSD,2025-08-16 00:00:00,8/16收到8/24取消
408069NT,KSD,2025-08-16 00:00:00,"2025-8-16,调260公斤"
25026A-3,福盛和,2025-08-16 00:00:00,
25026B-5,福盛和,2025-08-16 00:00:00,
AHJPO2545650,安恒,2025-08-18 00:00:00,"8/19收到,排120Y"
预告,安恒,2025-08-18 00:00:00,预告
ALCPO2515804,安健致远,2025-08-19 00:00:00,"欠色卡,剪确认本白"
AHJPO2546305,越南安恒,2025-08-19 00:00:00,
AHJPO2546374,越南安恒,2025-08-19 00:00:00,8/20收到
AHJPO2546381,越南安恒,2025-08-19 00:00:00,8/20收到
AHJPO2546418,安恒,2025-08-20 00:00:00,"8/21收到,扣偏蓝光福联"
AHJPO2546411,越南安恒,2025-08-20 00:00:00,
CGD20250800632,联成,2025-08-20 00:00:00,
CGD20250800760,联成,2025-08-20 00:00:00,
4510216357,双源,2025-08-21 00:00:00,8/21收到
AHJPO2546662,安恒,2025-08-21 00:00:00,
ALCPO2516129,安健致远,2025-08-21 00:00:00,
ALCPO2516119,安健致远,2025-08-21 00:00:00,
ALCPO2516196,安健致远,2025-08-21 00:00:00,
4510216446,星昌/星联,2025-08-21 00:00:00,
AHJPO2547116,安恒,2025-08-21 00:00:00,
4510216676,双源,2025-08-22 00:00:00,"开染费,8/26收到"
4510216688,星昌/星联,2025-08-22 00:00:00,
AHJPO2549818,安恒,2025-08-23 00:00:00,
ALCPO2516314,安健致远,2025-08-23 00:00:00,
ALCPO2516338,安健致远,2025-08-23 00:00:00,
AHJPO2549742,安恒,2025-08-23 00:00:00,
AHJPO2549842,安恒,2025-08-24 00:00:00,"8/24收到,剪荣翔本白确认"
AHJPO2549854,安恒,2025-08-24 00:00:00,
AHJPO2549937,安恒,2025-08-24 00:00:00,
AHJPO2549950,安恒,2025-08-24 00:00:00,
ALCPO2516387,安健致远,2025-08-25 00:00:00,9/3恢复
ALCPO2516396,安健致远,2025-08-25 00:00:00,
AHJPO2549961,安恒,2025-08-26 00:00:00,
ALCPO2516409,安健致远,2025-08-26 00:00:00,9/5取消
4510217222,星昌/星联,2025-08-26 00:00:00,
微信群截图,联成,2025-08-26 00:00:00,
AHJPO2550375,安恒,2025-08-26 00:00:00,
4510217522,星昌/星联,2025-08-27 00:00:00,
FE25032-25033,福恩娃,2025-08-26 00:00:00,"排67公斤,现金含税"
407625N,KSD,2025-08-27 00:00:00,
4510217741,双源,2025-08-28 00:00:00,
ALCPO2516844,安健致远,2025-08-28 00:00:00,
AHJPO2550604,安恒,2025-08-28 00:00:00,扣福联那偏蓝
AHJPO2550571,安恒,2025-08-28 00:00:00,
4510217732,星昌/星联,2025-08-28 00:00:00,
AHJPO2550705,安恒,2025-08-29 00:00:00,
AHJPO2550716,安恒,2025-08-29 00:00:00,
4510217911,星昌/星联,2025-08-29 00:00:00,
AHJPO2550779,安恒,2025-08-29 00:00:00,
CGD20250800936,联成,2025-08-27 00:00:00,
CGD20250800960,联成,2025-08-28 00:00:00,
CGD20250801042,联成,2025-08-30 00:00:00,
CGD20250801070,联成,2025-08-30 00:00:00,
AHJPO2551193,安恒,2025-08-30 00:00:00,9/4收到
AHJPO2551468,安恒,2025-09-01 00:00:00,
4510218835,星昌/星联,2025-09-01 00:00:00,"排330Y,9/11换色卡"
4510218811,星昌/星联,2025-09-01 00:00:00,排1.5
4510219015,双源,2025-09-02 00:00:00,排60Y
K25243,康硕,2025-09-01 00:00:00,
K25263,康硕,2025-09-03 00:00:00,
ALCPO2517040,安健致远,2025-09-02 00:00:00,"9/3收到,剪确认"
J20250903002,盈兴,2025-09-03 00:00:00,9/6排
YH25044A-1.2BLACK,亿宁,2025-09-03 00:00:00,
YH25044B-1.2GREY,亿宁,2025-09-03 00:00:00,
YH25044C-1.2PINK,亿宁,2025-09-03 00:00:00,
AHJPO2551696,安恒,2025-09-03 00:00:00,
4510219198,双源,2025-09-03 00:00:00,
ALCPO2517060,安健致远,2025-09-03 00:00:00,"9/3收到,排40Y"
ALCPO2517145,安健致远,2025-09-03 00:00:00,
25052D-1,福盛和,2025-09-03 00:00:00,
CGD20250800226,联成,2025-09-03 00:00:00,9/5扣用9/2剩下19.19
AHJPO2553088,安恒,2025-09-04 00:00:00,
AHJPO2553164,安恒,2025-09-04 00:00:00,"9/5收到,排320Y"
AHJPO2553082,安恒,2025-09-04 00:00:00,
ALCPO2517190,安健致远,2025-09-04 00:00:00,9/3收到
CGD20250900200,联成,2025-09-05 00:00:00,9/5扣用9/2剩下19.19
CGD20250900205,联成,2025-09-05 00:00:00,9/5扣用9/2剩下19.19
4510219938,双源,2025-09-05 00:00:00,
4510219539,星昌/星联,2025-09-05 00:00:00,
4510219979,星昌/星联,2025-09-06 00:00:00,
4510219960,星昌/星联,2025-09-06 00:00:00,
4510220004,星昌/星联,2025-09-06 00:00:00,
25067A,福盛和,2025-09-06 00:00:00,9/7收到
25067B,福盛和,2025-09-06 00:00:00,9/7收到
25067C,福盛和,2025-09-06 00:00:00,9/7收到
25067D,福盛和,2025-09-06 00:00:00,9/7收到
CGD20250800109,联成,2025-09-06 00:00:00,
CGD20250900245,联成,2025-09-06 00:00:00,
AHJPO2553453,安恒,2025-09-06 00:00:00,9/7收到
4510220176,星昌/星联,2025-09-08 00:00:00,
4510220383,星昌/星联,2025-09-08 00:00:00,
AHJPO2543668,安恒,2025-09-08 00:00:00,
AHJPO2553196,安恒,2025-09-08 00:00:00,
AHJPO2553870,安恒,2025-09-09 00:00:00,9/9收到
CGD20250900293,联成,2025-09-09 00:00:00,"9/22盛32.17,下次扣用"
AHJPO2546564,安恒,2025-09-09 00:00:00,
AHJPO2546575,安恒,2025-09-09 00:00:00,
AHJPO2553891,安恒,2025-09-09 00:00:00,
CGD20250900304,联成,2025-09-09 00:00:00,"9/22盛32.17,下次扣用"
4510220550,双源,2025-09-09 00:00:00,
ALCPO2517692,安健致远,2025-09-09 00:00:00,
4510220614,星昌/星联,2025-09-09 00:00:00,排500Y
ALCPO2517733,安健致远,2025-09-10 00:00:00,排600Y
AHJPO2554162,安恒,2025-09-10 00:00:00,
ALCPO2517746,安健致远,2025-09-10 00:00:00,"10/26交,9/11收到"
ALCPO2517807,安健致远,2025-09-10 00:00:00,"预告128Y,9/11收到"
4510218401,双源,2025-09-10 00:00:00,
ALCPO2517888,安健致远,2025-09-11 00:00:00,
AHJPO2555126,安恒,2025-09-12 00:00:00,扣蓝光
AHJPO2555121,安恒,2025-09-12 00:00:00,
AHJPO2555271,安恒,2025-09-12 00:00:00,
ALCPO2517930,安健致远,2025-09-12 00:00:00,
ALCPO251793,安健致远,2025-09-12 00:00:00,
4510220329,星昌/星联,2025-09-12 00:00:00,
4510221389,星昌/星联,2025-09-12 00:00:00,
AHJPO2555512,安恒,2025-09-12 00:00:00,
AHJPO2556824,安恒,2025-09-13 00:00:00,"9/20收到,排25Y"
CGD20250900371,联成,2025-09-13 00:00:00,
4510221508,星昌/星联,2025-09-13 00:00:00,
AHJPO2556995,安恒,2025-09-14 00:00:00,"10/3收到,"
AHJPO2557001,安恒,2025-09-14 00:00:00,"10/3收到,排470公斤"
ALCPO2517755,安健致远,2025-09-14 00:00:00,
AHJPO2557005,安恒,2025-09-14 00:00:00,
ALCPO2518060,安健致远,2025-09-14 00:00:00,9/24收到
CGD20250900418,联成,2025-09-15 00:00:00,"9/22盛32.17,下次扣用"
4510221700,双源,2025-09-15 00:00:00,
AHJPO2557141,安恒,2025-09-16 00:00:00,
AHJPO2557164,安恒,2025-09-16 00:00:00,"10/3收到,"
4510221771,星昌/星联,2025-09-16 00:00:00,9/1订单更换色卡
ALCPO2516434,安健致远,2025-09-16 00:00:00,
AHJP02545687,越南安恒,2025-09-16 00:00:00,
AHJPO2557812,安恒,2025-09-16 00:00:00,
AHJPO2557823,安恒,2025-09-16 00:00:00,
AHJPO2557986,安恒,2025-09-17 00:00:00,扣448/435改米色前交的白色
4510221917,星昌/星联,2025-09-17 00:00:00,
4510221971,星昌/星联,2025-09-17 00:00:00,库存其他有小件
4510221979,星昌/星联,2025-09-17 00:00:00,
4510222046,星昌/星联,2025-09-17 00:00:00,9/18收到
4510222056,星昌/星联,2025-09-17 00:00:00,"同WB12589,"
ALCPO2516863,安健致远,2025-09-18 00:00:00,
4510222329,星昌/星联,2025-09-19 00:00:00,
AHJPO2558601,越南安恒,2025-09-19 00:00:00,
AHJPO2560101,越南安恒,2025-09-19 00:00:00,10/30收到
AHJPO2558602,越南安恒,2025-09-19 00:00:00,剪确认
AHJPO2558549,安恒,2025-09-19 00:00:00,扣448/435改米色前交的白色
AHJPO2558736,安恒,2025-09-20 00:00:00,
AHJPO2558739,安恒,2025-09-20 00:00:00,
4510222767,星昌/星联,2025-09-20 00:00:00,
AHJPO2558800,越南安恒,2025-09-20 00:00:00,9/20收到
AHJPO2558798,越南安恒,2025-09-20 00:00:00,
AHJPO2549877,安恒,2025-09-20 00:00:00,
6747553,KSD,2025-09-20 00:00:00,排415公斤
AHJPO2558859,安恒,2025-09-21 00:00:00,
AHJPO2558959,安恒,2025-09-22 00:00:00,
4510222935,星昌/星联,2025-09-22 00:00:00,
4510223092,星昌/星联,2025-09-22 00:00:00,
4510222926,星昌/星联,2025-09-22 00:00:00,
ALCPO2518186,安健致远,2025-09-22 00:00:00,
ALCPO2518211,安健致远,2025-09-22 00:00:00,
AHJPO2559319,安恒,2025-09-22 00:00:00,
4510223242,星昌/星联,2025-09-23 00:00:00,
4510223325,双源,2025-09-23 00:00:00,排5件
ALCPO2518265,安健致远,2025-09-23 00:00:00,
4510223499,星昌/星联,2025-09-23 00:00:00,
4510223519,星昌/星联,2025-09-23 00:00:00,排1200Y
AHJPO2559778,安恒,2025-09-23 00:00:00,
AHJPO2559781,安恒,2025-09-24 00:00:00,
ALCPO2518368,安健致远,2025-09-24 00:00:00,
FE25034-35,福恩娃,2025-09-24 00:00:00,排200公斤
FE25036-37,福恩娃,2025-09-24 00:00:00,排200公斤
AHJPO2560014,安恒,2025-09-24 00:00:00,排70公斤
4510223583,星昌/星联,2025-09-24 00:00:00,
4510223783,星昌/星联,2025-09-24 00:00:00,
4510223529,星昌/星联,2025-09-24 00:00:00,
AHJPO2560100,越南安恒,2025-09-25 00:00:00,
4510223752,星昌/星联,2025-09-25 00:00:00,
ALCPO2518622,安健致远,2025-09-25 00:00:00,
AHJPO2560127,越南安恒,2025-09-25 00:00:00,9/26收到鞋样
4510223984,双源,2025-09-25 00:00:00,
AHJPO2560084,安恒,2025-09-25 00:00:00,9/26收到
302697N,KSD,2025-09-25 00:00:00,
ALCPO2518802,安健致远,2025-09-26 00:00:00,同z25078-233单
ALCPO2518805,安健致远,2025-09-26 00:00:00,盛20几码
4510224268,双源,2025-09-26 00:00:00,
4510224437,双源,2025-09-26 00:00:00,10/3收到
AHJPO2561429,安恒,2025-09-26 00:00:00,
AHJPO2561487,安恒,2025-09-26 00:00:00,
AHJPO2561495,安恒,2025-09-26 00:00:00,
4510224651,星昌/星联,2025-09-27 00:00:00,
AHJPO2561505,安恒,2025-09-27 00:00:00,
4510224677,星昌/星联,2025-09-27 00:00:00,取消689Y
K25321/323,康硕,2025-09-27 00:00:00,9/27收到样鞋
K25322/324,康硕,2025-09-27 00:00:00,9/27收到样鞋
AHJPO2561666,安恒,2025-09-27 00:00:00,
ALCPO2519034,安健致远,2025-09-27 00:00:00,去年库存
AHJPO2561689,越南安恒,2025-09-27 00:00:00,
ALCPO2519487,安健致远,2025-09-28 00:00:00,
AHJPO2561759,安恒,2025-09-28 00:00:00,
AHJPO2561875,安恒,2025-09-28 00:00:00,
ALCPO2519052,安健致远,2025-09-28 00:00:00,
ALCPO2519040,安健致远,2025-09-28 00:00:00,
ALCPO2519523,安健致远,2025-09-29 00:00:00,
ALCPO2519527,安健致远,2025-09-29 00:00:00,9/30收到
AHJPO2561981,安恒,2025-09-29 00:00:00,欠色卡
4510224989,双源,2025-09-29 00:00:00,
4510225196,星昌/星联,2025-09-29 00:00:00,
AHJPO2562920,安恒,2025-09-29 00:00:00,
AHJPO2562945,安恒,2025-09-29 00:00:00,
ALCPO2519548,安健致远,2025-09-29 00:00:00,
4510225187,星昌/星联,2025-09-30 00:00:00,
4510225417,双源,2025-09-30 00:00:00,排50公斤
"YH25044A-1.2
BLACK",亿宁,2025-09-30 00:00:00,
"YH25044B-1.2
GREY",亿宁,2025-09-30 00:00:00,
"YH25044C-1.2
PINK",亿宁,2025-09-30 00:00:00,
K25325/326碳黑/深灰,康硕,2025-09-30 00:00:00,鞋样9/30收到
AHJPO2563839,安恒,2025-10-01 00:00:00,
AHJPO2564057,安恒,2025-10-03 00:00:00,
AHJPO2564129,安恒,2025-10-04 00:00:00,
:4510225782,星昌/星联,2025-10-04 00:00:00,
4510225967,星昌/星联,2025-10-04 00:00:00,
4510225898,双源,2025-10-04 00:00:00,
K25314,康硕,2025-10-04 00:00:00,10/4收到
K25313,康硕,2025-10-04 00:00:00,10/4收到
4510226145,双源,2025-10-05 00:00:00,9好减少数量
AHJPO2564150,安恒,2025-10-05 00:00:00,
4510226276,星昌/星联,2025-10-07 00:00:00,
AHJPO2564240,安恒,2025-10-07 00:00:00,
4510226260,星昌/星联,2025-10-07 00:00:00,
4510226487,双源,2025-10-07 00:00:00,10/3收到
AHJPO2558829,越南安恒,2025-10-07 00:00:00,
AHJPO2564234,安恒,2025-10-08 00:00:00,同25811
AHJPO2564385,安恒,2025-10-08 00:00:00,同之前
4510226631,双源,2025-10-08 00:00:00,
AHJPO2564357,安恒,2025-10-08 00:00:00,
AHJPO2564714,越南安恒,2025-10-08 00:00:00,排33Y
AHJPO2564554,安恒,2025-10-09 00:00:00,
AHJPO2564515,安恒,2025-10-09 00:00:00,
4510226923,星昌/星联,2025-10-09 00:00:00,
4510226966,星昌/星联,2025-10-10 00:00:00,
AHJPO2564702,安恒,2025-10-10 00:00:00,
AHJPO2564708,越南安恒,2025-10-10 00:00:00,
ALCPO2519989,安健致远,2025-10-10 00:00:00,
ALCPO2519937,安健致远,2025-10-10 00:00:00,
ALCPO2519951,安健致远,2025-10-10 00:00:00,
AHJPO2564885,安恒,2025-10-11 00:00:00,
AHJPO2564900,安恒,2025-10-11 00:00:00,
4510227348,星昌/星联,2025-10-11 00:00:00,
4510227322,星昌/星联,2025-10-11 00:00:00,10/14收到
4510227528,星昌/星联,2025-10-12 00:00:00,排3500Y
4510227537,星昌/星联,2025-10-12 00:00:00,
4510227547,双源,2025-10-13 00:00:00,
4510227718,星昌/星联,2025-10-13 00:00:00,
ALCPO2520157,安健致远,2025-10-13 00:00:00,扣星联退回
4510227627,双源,2025-10-13 00:00:00,
CGD20251000052,联成,2025-10-13 00:00:00,
AHJPO2565164,安恒,2025-10-14 00:00:00,
K25329碳灰/梅红,康硕,2025-10-14 00:00:00,"样鞋,50公斤"
K25330卡其/黄,康硕,2025-10-14 00:00:00,样鞋双色鞋子
K25332深灰/梅红,康硕,2025-10-14 00:00:00,样鞋50公斤
K25328碳灰高帮,康硕,2025-10-14 00:00:00,"不是208,10/15收到样鞋"
K25333碳灰高帮,康硕,2025-10-14 00:00:00,"不是208,10/15收到样鞋"
ALCPO2520164,安健致远,2025-10-13 00:00:00,
K25334深棕高帮,康硕,2025-10-15 00:00:00,"不是208,10/15收到样鞋"
4510228009,星昌/星联,2025-10-15 00:00:00,10/14收到
AHJPO2565297,安恒,2025-10-14 00:00:00,
4510228061,星昌/星联,2025-10-15 00:00:00,
4510228114,星昌/星联,2025-10-15 00:00:00,
AHJPO2566690,安恒,2025-10-16 00:00:00,"抵扣182Y,9/14发取消"
AHJPO2566749,安恒,2025-10-16 00:00:00,
4510228486,星昌/星联,2025-10-16 00:00:00,
AHJPO2566759,安恒,2025-10-16 00:00:00,
4510228576,双源,2025-10-17 00:00:00,后续更改为180g/m2
4510228806,星昌/星联,2025-10-17 00:00:00,排75公斤
4510228855,星昌/星联,2025-10-17 00:00:00,"问过,发大白"
AHJPO2566923,安恒,2025-10-17 00:00:00,
4510229037,双源,2025-10-18 00:00:00,后续更改为180g/m2
AHJPO2566959,安恒,2025-10-18 00:00:00,
AHJPO2566954,安恒,2025-10-18 00:00:00,
AHJPO2566920,安恒,2025-10-18 00:00:00,
4510228932,星昌/星联,2025-10-18 00:00:00,
AHJPO2567249,安恒,2025-10-18 00:00:00,10/28收到
AHJPO2567226,越南安恒,2025-10-18 00:00:00,
AHJPO2567300,安恒,2025-10-19 00:00:00,
4510229167,星昌/星联,2025-10-20 00:00:00,"问过,发大白"
AHJPO2567375,越南安恒,2025-10-20 00:00:00,
AHJPO2567402,越南安恒,2025-10-20 00:00:00,发安恒
4510223219,星昌/星联,2025-10-20 00:00:00,
AHJPO2567456,安恒,2025-10-20 00:00:00,
4510229314,星昌/星联,2025-10-20 00:00:00,
AHJPO2567393,安恒,2025-10-21 00:00:00,排1件
AHJPO2567294,安恒,2025-10-21 00:00:00,
4510229360,星昌/星联,2025-10-21 00:00:00,
4510229380,星昌/星联,2025-10-21 00:00:00,10/28收到排1400Y
AHJPO2567484,安恒,2025-10-21 00:00:00,
4510229509,星昌/星联,2025-10-22 00:00:00,
ALCPO2520472,安健致远,2025-10-21 00:00:00,
ALCPO2520480,安健致远,2025-10-21 00:00:00,扣KSD库存
ALCPO2520491,安健致远,2025-10-22 00:00:00,"10/23对鞋子,寄大白"
4510229530,星昌/星联,2025-10-22 00:00:00,27排1.5米宽
4510229584,双源,2025-10-22 00:00:00,
25052C-1,福盛和,2025-10-22 00:00:00,排60Y
25026A-4,福盛和,2025-10-22 00:00:00,剪确认
25026B-6,福盛和,2025-10-22 00:00:00,剪确认
ALCPO2520503,安健致远,2025-10-22 00:00:00,
AHJPO2567810,安恒,2025-10-23 00:00:00,
ALCPO2520525,安健致远,2025-10-23 00:00:00,排100Y同棉花色
ALCPO2520532,安健致远,2025-10-23 00:00:00,排125Y
4510230063,星昌/星联,2025-10-23 00:00:00,
AHJPO2568165,安恒,2025-10-24 00:00:00,
4510230452,星昌/星联,2025-10-24 00:00:00,
AHJPO2568247,安恒,2025-10-24 00:00:00,
ALCPO2520683,安健致远,2025-10-25 00:00:00,10/26收到
AHJPO2568318,安恒,2025-10-25 00:00:00,
AHJPO2568295,安恒,2025-10-25 00:00:00,
AHJPO2568320,安恒,2025-10-25 00:00:00,
AHJPO2568393,安恒,2025-10-27 00:00:00,
4510230807,双源,2025-10-27 00:00:00,10/29收到
4510230883,星昌/星联,2025-10-27 00:00:00,
4510230832,星昌/星联,2025-10-27 00:00:00,
AHJPO2568434,安恒,2025-10-27 00:00:00,
303726L,KSD,2025-10-28 00:00:00,
AHJPO2568355,安恒,2025-10-29 00:00:00,
AHJPO2568572,安恒,2025-10-29 00:00:00,
AHJPO2568558,安恒,2025-10-29 00:00:00,
AHJPO2568955,安恒,2025-10-29 00:00:00,
4510229868,星昌/星联,2025-10-29 00:00:00,
AHJPO2568852,安恒,2025-10-29 00:00:00,
AHJPO2568851,安恒,2025-10-29 00:00:00,
AHJPO2568871,安恒,2025-10-29 00:00:00,"染25公斤,回修"
AHJPO2568874,安恒,2025-10-29 00:00:00,
AHJPO2568924,安恒,2025-10-30 00:00:00,
AHJPO2568927,安恒,2025-10-30 00:00:00,
4510231675,星昌/星联,2025-10-30 00:00:00,
K-25331卡其/兰低帮女,康硕,2025-10-30 00:00:00,10/30收到
AHJPO2569004,安恒,2025-10-30 00:00:00,
4510231693,星昌/星联,2025-10-30 00:00:00,
AHJPO2569629,安恒,2025-10-30 00:00:00,
4510231957,星昌/星联,2025-10-30 00:00:00,
4510232038,星昌/星联,2025-10-31 00:00:00,11/1收到确认OK扣双源
4510232134,双源,2025-10-31 00:00:00,
AHJPO2569655,安恒,2025-10-31 00:00:00,
4510232442,星昌/星联,2025-11-01 00:00:00,
4510232495,双源,2025-11-01 00:00:00,
4510232501,双源,2025-11-01 00:00:00,
4510232546,双源,2025-11-01 00:00:00,排100公斤
ALCPO2520877,安健致远,2025-11-01 00:00:00,
ALCPO2520868,安健致远,2025-11-01 00:00:00,
AHJPO2570244,安恒,2025-11-01 00:00:00,
4510232731,星昌/星联,2025-11-01 00:00:00,
ALCPO2520923,安健致远,2025-11-01 00:00:00,11/2收到剪确认
AHJPO2570320,安恒,2025-11-02 00:00:00,
AHJPO2570313,安恒,2025-11-02 00:00:00,
4510232875,双源,2025-11-03 00:00:00,11/9收到确认OK
ALCPO2520950,安健致远,2025-11-03 00:00:00,11/4收到剪确认
AHJPO2570391,安恒,2025-11-03 00:00:00,
4510220608,星昌/星联,2025-11-04 00:00:00,
4510211719,星昌/星联,2025-11-04 00:00:00,
4510232929,星昌/星联,2025-11-04 00:00:00,
4510233199,星昌/星联,2025-11-04 00:00:00,
4510233207,双源,2025-11-04 00:00:00,
FE25043-1-3,福恩娃,2025-11-05 00:00:00,"双锦,排30Y"
AHJPO2573406,安恒,2025-11-14 00:00:00,
FE25040-1-4,福恩娃,2025-11-07 00:00:00,
ALCPO2521218,安健致远,2025-11-07 00:00:00,
ALCPO2521243,安健致远,2025-11-07 00:00:00,
ALCPO2521228,安健致远,2025-11-07 00:00:00,
AHJPO2570809,安恒,2025-11-07 00:00:00,排100公斤
AHJPO2570642,安恒,2025-11-07 00:00:00,
AHJPO2570770,安恒,2025-11-07 00:00:00,
4510234030,星昌/星联,2025-11-07 00:00:00,扣染色不均
4510224614,星昌/星联,2025-11-07 00:00:00,"订单1292他们仓库扣455,只发837"
AHJPO2570907,安恒,2025-11-07 00:00:00,
AHJPO2571267,安恒,2025-11-07 00:00:00,
AHJPO2571245,安恒,2025-11-07 00:00:00,
AHJPO2571380,安恒,2025-11-07 00:00:00,
AHJPO2570606,安恒,2025-11-07 00:00:00,
AHJPO2570632,安恒,2025-11-07 00:00:00,预告转正式
AHJPO2570746,安恒,2025-11-07 00:00:00,
AHJPO2570637,安恒,2025-11-07 00:00:00,预告转正式
AHJPO2570643,安恒,2025-11-07 00:00:00,预告转正式
AHJPO2570655,安恒,2025-11-07 00:00:00,不够余100左右排70公斤
AHJPO2570704,安恒,2025-11-07 00:00:00,预告转正式
AHJPO2570709,安恒,2025-11-07 00:00:00,
AHJPO2570718,安恒,2025-11-07 00:00:00,
AHJPO2570757,安恒,2025-11-08 00:00:00,
AHJPO2570801,安恒,2025-11-08 00:00:00,
AHJPO2570824,安恒,2025-11-08 00:00:00,补单
AHJPO2571224,安恒,2025-11-08 00:00:00,
AHJPO2571255,安恒,2025-11-08 00:00:00,"排210公斤,对原样染出来颜色不行修色,但补数的18Y不修先发"
AHJPO2571375,安恒,2025-11-08 00:00:00,预告转正式
AHJPO2570927,安恒,2025-11-08 00:00:00,
AHJPO2571355,安恒,2025-11-08 00:00:00,预告转正式
AHJPO2571361,安恒,2025-11-08 00:00:00,预告转正式
AHJPO2571602,安恒,2025-11-08 00:00:00,
FE25041-1-3,福恩娃,2025-11-08 00:00:00,11/7收到
FFE25041-1-4,福恩娃,2025-11-08 00:00:00,11/7收到
AHJPO2571983,安恒,2025-11-09 00:00:00,"9/17收到,11/18排75KG"
AHJPO2572028,安恒,2025-11-09 00:00:00,
AHJPO2572011,安恒,2025-11-09 00:00:00,
4510234382,星昌/星联,2025-11-10 00:00:00,库存还有但不够
ALCPO2521411,安健致远,2025-11-10 00:00:00,
ALCPO2521451,安健致远,2025-11-10 00:00:00,
ALCPO2521501,安健致远,2025-11-10 00:00:00,
AHJPO2572526,安恒,2025-11-11 00:00:00,
AHJPO2572511,安恒,2025-11-11 00:00:00,
AHJPO2572588,安恒,2025-11-11 00:00:00,
4510234413,星昌/星联,2025-11-11 00:00:00,
AHJPO2572549,安恒,2025-11-11 00:00:00,
AHJPO2572591,安恒,2025-11-11 00:00:00,
ALCPO2518089,安健致远,2025-11-11 00:00:00,
AHJPO2572648,安恒,2025-11-11 00:00:00,
ALCPO2521578,安健致远,2025-11-12 00:00:00,剪确认
ALCPO2521628,安健致远,2025-11-12 00:00:00,剪确认
ALCPO2521635,安健致远,2025-11-12 00:00:00,排2件13排
4510235123,双源,2025-11-12 00:00:00,
AHJPO2572756,安恒,2025-11-12 00:00:00,
AHJPO2572735,安恒,2025-11-12 00:00:00,
AHJPO2572875,安恒,2025-11-12 00:00:00,
ALCPO2521641,安健致远,2025-11-12 00:00:00,剪确认
4510226448,星昌/星联,2025-11-13 00:00:00,
4510218757,星昌/星联,2025-11-13 00:00:00,
AHJPO2572981,安恒,2025-11-13 00:00:00,
AHJPO2573158,安恒,2025-11-13 00:00:00,
ALCPO2521682,安健致远,2025-11-13 00:00:00,"11/14收到色卡,排75KG"
AHJPO2573173,安恒,2025-11-13 00:00:00,"重开货单给安恒,货已送安健"
AHJPO2573234,安恒,2025-11-13 00:00:00,
4510235449,星昌/星联,2025-11-14 00:00:00,11/14收到色卡
ALCPO2521692,安健致远,2025-11-14 00:00:00,
4510235723,双源,2025-11-14 00:00:00,扣库11/18
FE25044,福恩娃,2025-11-14 00:00:00,
AHJPO2573393,越南安恒,2025-11-14 00:00:00,扣库5Y左右
AHJPO2573512,安恒,2025-11-14 00:00:00,排160KG
4510236171,星昌/星联,2025-11-15 00:00:00,
AHJPO2573677,安恒,2025-11-15 00:00:00,11/16收到色卡剪确认
AHJPO2573685,安恒,2025-11-15 00:00:00,
ALCPO2522162,安健致远,2025-11-15 00:00:00,
ALCPO2522207,安健致远,2025-11-15 00:00:00,11/16收到色卡75KG
AHJPO2573710,安恒,2025-11-17 00:00:00,
ALCPO2522234,安健致远,2025-11-17 00:00:00,
4510236445,星昌/星联,2025-11-17 00:00:00,排1件27.7KG
AHJPO2574895,安恒,2025-11-18 00:00:00,
ALCPO2520713,安健致远,2025-11-18 00:00:00,
AHJPO2574925,安恒,2025-11-18 00:00:00,
AHJPO2574929,安恒,2025-11-18 00:00:00,
4510236725,星昌/星联,2025-11-18 00:00:00,排1400Y
ALCPO2522288,安健致远,2025-11-18 00:00:00,寄确认11/19
AHJPO2574939,安恒,2025-11-18 00:00:00,11/19收到色卡排36KG
ALCPO2522315,安健致远,2025-11-19 00:00:00,
4510237108,星昌/星联,2025-11-19 00:00:00,排1650Y
4510237135,星昌/星联,2025-11-19 00:00:00,
4510237454,星昌/星联,2025-11-20 00:00:00,
AHJPO2575319,越南安恒,2025-11-21 00:00:00,
4510237599,双源,2025-11-21 00:00:00,此单开始改180平方克
AHJPO2575307,安恒,2025-11-21 00:00:00,
ALCPO2522347,安健致远,2025-11-21 00:00:00,
FE25045-1-3,福恩娃,2025-11-21 00:00:00,
4510237831,星昌/星联,2025-11-22 00:00:00,
AHJPO2575386,安恒,2025-11-22 00:00:00,
AHJPO2575593,安恒,2025-11-22 00:00:00,实发5Y
YX2554-1,盈兴,2025-11-23 00:00:00,11/24收到色卡
YX2554-2,盈兴,2025-11-23 00:00:00,11/24收到色卡
YX2554-3,盈兴,2025-11-23 00:00:00,11/24收到色卡排35KG
ALCPO2522397,安健致远,2025-11-23 00:00:00,"原样,2号排鑫茂300米颜色不行没要"
ALCPO2522479,安健致远,2025-11-24 00:00:00,
ALCPO2522495,安健致远,2025-11-24 00:00:00,库存坯布62KG全排完
ALCPO2522499,安健致远,2025-11-24 00:00:00,
4510238455,星昌/星联,2025-11-25 00:00:00,
4510238497,双源,2025-11-25 00:00:00,自己做耐黄
HXHS-251120-02,恒鑫,2025-11-26 00:00:00,排15件
4510238643,星昌/星联,2025-11-26 00:00:00,
AHJPO2576336,安恒,2025-11-26 00:00:00,
4510238829,星昌/星联,2025-11-27 00:00:00,
AHJPO2576375,安恒,2025-11-27 00:00:00,
AHJPO2576505,安恒,2025-11-27 00:00:00,
AHJPO2576620,安恒,2025-11-27 00:00:00,
ALCPO2522806,安健致远,2025-11-27 00:00:00,
AHJPO2576982,安恒,2025-11-27 00:00:00,"11/29收到,剪确认"
AHJPO2577127,安恒,2025-11-27 00:00:00,11/29收到
4510238868,星昌/星联,2025-11-28 00:00:00,
ALCPO2522890,安健致远,2025-11-28 00:00:00,
HXTX-202510(尼龙布),恒鑫,2025-11-28 00:00:00,
AHJPO2577136,安恒,2025-11-28 00:00:00,排100公斤
AHJPO2577274,安恒,2025-11-28 00:00:00,
17358LR,KSD,2025-11-27 00:00:00,排720Y
AHJPO2577299,安恒,2025-11-28 00:00:00,
4510239359,星昌/星联,2025-11-29 00:00:00,
AHJP02551633,安恒,2025-11-29 00:00:00,
ALCPO2522985,安健致远,2025-11-29 00:00:00,欠色卡剪本白确认
4510239491,星昌/星联,2025-11-29 00:00:00,11/30收到
4510239540,星昌/星联,2025-11-29 00:00:00,
ALCPO2522957,安健致远,2025-11-29 00:00:00,
AHJPO2577483,安恒,2025-11-30 00:00:00,
K26003,康硕,2025-11-30 00:00:00,排60Y
K-26004,康硕,2025-11-30 00:00:00,排28公斤
AHJPO2577725,安恒,2025-11-30 00:00:00,12/4收到排75公斤
AHJPO2577351,安恒,2025-11-30 00:00:00,欠色卡
4510239893,星昌/星联,2025-12-02 00:00:00,
4100175L,KSD,2025-12-02 00:00:00,送复合厂海尾
AHJPO2577767,安恒,2025-12-03 00:00:00,
AHJPO2577824,越南安恒,2025-12-03 00:00:00,
K26001黑/棕,康硕,2025-12-03 00:00:00,"剪双辉确认,12/4收到"
K26002黑/棕,康硕,2025-12-03 00:00:00,剪双辉确认
通用,康硕,2025-12-03 00:00:00,剪双辉确认
ALCPO2523299,安健致远,2025-12-04 00:00:00,
ALCPO2523329,安健致远,2025-12-04 00:00:00,剪确认
4510240584,双源,2025-12-04 00:00:00,
K26009/26011,康硕,2025-12-04 00:00:00,"同大货K25260/25265粉红,排90Y"
K26010,康硕,2025-12-04 00:00:00,同大货25261/25263
K26012,康硕,2025-12-04 00:00:00,"同25266深灰,排60Y"
26018灰绿,康硕,2025-12-04 00:00:00,12/6收
K26019深卡其,康硕,2025-12-04 00:00:00,12/6收到
K26009深灰/粉红,康硕,2025-12-04 00:00:00,"同大货25260/265/261/266深灰,160公斤"
K26010深灰/桔色,康硕,2025-12-04 00:00:00,同大货25260/265/261/266深灰
K26011深灰/粉红,康硕,2025-12-04 00:00:00,同大货25260/265/261/266深灰
K26012深灰/桔色,康硕,2025-12-04 00:00:00,同大货25260/265/261/266深灰
4510240654,星昌/星联,2025-12-04 00:00:00,
ALCPO2523345,安健致远,2025-12-05 00:00:00,"12/6收到,排100公斤"
K26005,康硕,2025-12-06 00:00:00,
ALCPO2523353,安健致远,2025-12-06 00:00:00,
AHJPO2578904,安恒,2025-12-06 00:00:00,
4510240972,星昌/星联,2025-12-06 00:00:00,
AHJPO2578420,安恒,2025-12-06 00:00:00,
K26008,康硕,2025-12-06 00:00:00,剪尚好确认
ALCPO2523290,安健致远,2025-12-06 00:00:00,"12/4收到,排220Y"
K26014,康硕,2025-12-06 00:00:00,12/7收到
4510241084,星昌/星联,2025-12-07 00:00:00,
4510241138,星昌/星联,2025-12-08 00:00:00,排100公斤
4510215774,星昌/星联,2025-12-08 00:00:00,
AHJPO2579045,安恒,2025-12-09 00:00:00,
ALCPO2523406,安健致远,2025-12-09 00:00:00,
FE2531,福恩娃,2025-12-09 00:00:00,
AHJPO2579058,安恒,2025-12-09 00:00:00,12/16收到样鞋对鞋垫
ALCPO2523474,安健致远,2025-12-10 00:00:00,
AHJPO2579133,安恒,2025-12-10 00:00:00,
4510241926,双源,2025-12-11 00:00:00,
4510242017,星昌/星联,2025-12-11 00:00:00,
ALCPO2523822,安健致远,2025-12-11 00:00:00,12/12收到
ALCPO2523817,安健致远,2025-12-11 00:00:00,
AHJPO2579187,安恒,2025-12-12 00:00:00,
FE25044补单,福恩娃,2025-12-12 00:00:00,
25026A-5,福盛和,2025-12-12 00:00:00,剪确认
ALCPO2523867,安健致远,2025-12-12 00:00:00,
4510244895,双源,2025-12-12 00:00:00,"12/13收到,22更改订单数量"
AHJPO2579571,安恒,2025-12-13 00:00:00,
ZFY251201-2,恒鑫,2025-12-13 00:00:00,同L262UF223-1
HXLEE-251215-6,恒鑫,2025-12-13 00:00:00,"欠色卡,剪确认"
ALCPO2524097,安健致远,2025-12-13 00:00:00,
K26030黑,康硕,2025-12-15 00:00:00,"排150公斤,12/15收到样鞋"
AHJPO2579751,安恒,2025-12-15 00:00:00,库存55Y
4510242836,双源,2025-12-15 00:00:00,
YX2560-1,盈兴,2025-12-15 00:00:00,"12/15收到,剪确认"
YX2560-2,盈兴,2025-12-15 00:00:00,"12/15收到,"
YX2560-3,盈兴,2025-12-15 00:00:00,"12/15收到,"
AHJPO2579878,安恒,2025-12-15 00:00:00,
K26055,康硕,2025-12-16 00:00:00,排35公斤
ALCPO2524187,安健致远,2025-12-16 00:00:00,12/17收到
4510243116,双源,2025-12-17 00:00:00,排100公斤
4510243202,双源,2025-12-17 00:00:00,"12/18收到,排12.5"
AHJP02579914,越南安恒,2025-12-17 00:00:00,
HXLEE-251218-2,恒鑫,2025-12-18 00:00:00,
4510243424,双源,2025-12-18 00:00:00,12/19收到
4510243479,星昌/星联,2025-12-18 00:00:00,
K26033黑,康硕,2025-12-19 00:00:00,剪库存先确认12/13收到样鞋
K26034A,康硕,2025-12-19 00:00:00,12/13收到样鞋
K26034B,康硕,2025-12-19 00:00:00,12/13收到样鞋
K26034C,康硕,2025-12-19 00:00:00,12/13收到样鞋
K26035,康硕,2025-12-19 00:00:00,12/13收到样鞋
K26036,康硕,2025-12-19 00:00:00,12/13收到样鞋
ALCPO2524385,安健致远,2025-12-19 00:00:00,
4510243669,双源,2025-12-19 00:00:00,
4510243788,星昌/星联,2025-12-19 00:00:00,
4510243488,星昌/星联,2025-12-19 00:00:00,
K26056A黑碳灰同25298,康硕,2025-12-19 00:00:00,"12/20收到样鞋,修色"
K26056B黑碳灰同25298,康硕,2025-12-19 00:00:00,12/20收到样鞋
K26056C黑碳灰同25298,康硕,2025-12-19 00:00:00,12/20收到样鞋
K26056D黑碳灰同25298,康硕,2025-12-19 00:00:00,12/20收到样鞋
4510243924,双源,2025-12-19 00:00:00,
4510242079,星昌/星联,2025-12-19 00:00:00,
补数26047,康硕,2025-12-19 00:00:00,排20Y
4510244084,星昌/星联,2025-12-20 00:00:00,
AHJPO2580040,安恒,2025-12-20 00:00:00,
4510244226,星昌/星联,2025-12-20 00:00:00,
4510244288,星昌/星联,2025-12-20 00:00:00,
4510244450,双源,2025-12-22 00:00:00,
AHJPO2580188,越南安恒,2025-12-22 00:00:00,"排90Y,对原版"
AHJPO2580300,越南安恒,2025-12-12 00:00:00,
ALCPO2524424,安健致远,2025-12-23 00:00:00,1/4收到，剪本白确认
AHJPO2580379,越南安恒,2025-12-23 00:00:00,12/31收到
K26030B黑,康硕,2025-12-24 00:00:00,同26030黑
AHJPO2580364,安恒,2025-12-24 00:00:00,
4510245027,星昌/星联,2025-12-24 00:00:00,排135公斤，附首缸大货样
K26062,康硕,2025-12-24 00:00:00,同25302，前缸大货样染
K26061/63,康硕,2025-12-24 00:00:00,同25300/25304/25302
K25064,康硕,2025-12-24 00:00:00,同25299附前缸大货样，排155Y
4510245147,星昌/星联,2025-12-24 00:00:00,
4510245231,星昌/星联,2025-12-24 00:00:00,
k26009/10/11/12,康硕,2025-12-24 00:00:00,
K26067,康硕,2025-12-25 00:00:00,
K26061/63/64,康硕,2025-12-25 00:00:00,
4510245496,星昌/星联,2025-12-25 00:00:00,
4510245520,双源,2025-12-25 00:00:00,12/26收到
4510245611,星昌/星联,2025-12-25 00:00:00,排280Y
4510245630,双源,2025-12-25 00:00:00,够
4510246122,星昌/星联,2025-12-26 00:00:00,
1/29通知发,安健致远,2025-12-30 00:00:00,可以发
4510246224,星昌/星联,2025-12-27 00:00:00,
4510246243,星昌/星联,2025-12-27 00:00:00,
302450L,KSD,2025-12-26 00:00:00,
K26017黄色,康硕,2025-12-27 00:00:00,
4510246376,星昌/星联,2025-12-29 00:00:00,
4510246506,双源,2025-12-29 00:00:00,欠色卡
FE25050/FE25051/FE25052,福恩娃,2025-12-29 00:00:00,米白，这次允收
4510246829,星昌/星联,2025-12-30 00:00:00,
AHJPO2581051,安恒,2025-12-31 00:00:00,
4510246987,双源,2025-12-31 00:00:00,
ALCPO2524787,安健致远,2025-12-31 00:00:00,1/2收到，剪本白
AHJPO2581105,安恒,2025-12-31 00:00:00,1月2号收到，排25公斤
AHJPO2581109,越南安恒,2025-12-31 00:00:00,
AHJPO2581660,安恒,2026-12-31 00:00:00,
ALCPO2600010,安健致远,2026-01-02 00:00:00,
K26078ABC,康硕,2026-01-02 00:00:00,1/3收到
K26077ABC,康硕,2026-01-02 00:00:00,1/3收到
K26076ABC,康硕,2026-01-02 00:00:00,1/3收到
K26079ABC,康硕,2026-01-02 00:00:00,1/3收到
4510247481,双源,2026-01-03 00:00:00,排100公斤
ALCPO2600085,安健致远,2026-01-03 00:00:00,
ALCPO2600072,安健致远,2026-01-03 00:00:00,
AHJPO2600614,安恒,2026-01-04 00:00:00,排170公斤
ALCPO2600151,安健致远,2026-01-05 00:00:00,剪本白
4510247970,双源,2026-01-05 00:00:00,
AHJPO2600639,安恒,2026-01-05 00:00:00,
ALCPO2600182,安健致远,2026-01-05 00:00:00,11/7收到
ALCPO2600169,安健致远,2026-01-05 00:00:00,1/6收到
ALCPO2600166,安健致远,2026-01-05 00:00:00,1/7收到
AHJPO2600707,安恒,2026-01-05 00:00:00,
AHJPO2600682,安恒,2026-01-05 00:00:00,
4510248411,双源,2026-01-07 00:00:00,
4510248326,星昌/星联,2026-01-07 00:00:00,
AHJPO2601183,安恒,2026-01-07 00:00:00,
AHJPO2601214,安恒,2026-01-08 00:00:00,1/9排100公斤+1/12排250公斤
AHJPO2601211,安恒,2026-01-08 00:00:00,
AHJPO2601313,越南安恒,2026-01-08 00:00:00,1/9收到排70Y
AHJPO2601359,安恒,2026-01-08 00:00:00,1/8收到
4510248836,星昌/星联,2026-01-09 00:00:00,
4510248874,星昌/星联,2026-01-09 00:00:00,
AHJPO2601393,安恒,2026-01-09 00:00:00,
4510248917,双源,2026-01-09 00:00:00,排60Y做耐黄
FE25053,福恩娃,2026-01-09 00:00:00,
4510249131,双源,2026-01-10 00:00:00,
ALCPO2600418,安健致远,2026-01-10 00:00:00,
4510249237,星昌/星联,2026-01-10 00:00:00,
ALCPO2600415,安健致远,2026-01-10 00:00:00,
K26029黑,康硕,2026-01-10 00:00:00,27退回修色
K260006,康硕,2026-01-10 00:00:00,
ALCPO2600443,安健致远,2026-01-10 00:00:00,1月11收到排75Y
4510249155,星昌/星联,2026-01-10 00:00:00,
4510249282,星昌/星联,2026-01-10 00:00:00,排75Y
ALCPO2600475,安健致远,2026-01-11 00:00:00,
AHJPO2601747,安恒,2026-01-12 00:00:00,
4510249440,双源,2026-01-12 00:00:00,
ALCPO2600507,安健致远,2026-01-12 00:00:00,
4510249429,星昌/星联,2026-01-12 00:00:00,
4510249488,星昌/星联,2026-01-12 00:00:00,没货
AHJPO2601821,安恒,2026-01-12 00:00:00,剪确认
AHJPO2601890,安恒,2026-01-12 00:00:00,
AHJPO2601905,安恒,2026-01-12 00:00:00,
AHJPO2601921,安恒,2026-01-13 00:00:00,
ALCPO2600055,安健致远,2026-01-13 00:00:00,
4510249582,星昌/星联,2026-01-13 00:00:00,
ALCPO2600624,安健致远,2026-01-13 00:00:00,
ALCPO2600586,安健致远,2026-01-13 00:00:00,
4510249778,星昌/星联,2026-01-13 00:00:00,
4510249171,星昌/星联,2026-01-14 00:00:00,
4510249872,星昌/星联,2026-01-14 00:00:00,
4510249927,双源,2026-01-14 00:00:00,
AHJPO2602153,安恒,2026-01-15 00:00:00,1/18排90.8KG
AHJPO2602155,安恒,2026-01-15 00:00:00,
AHJPO2602163,安恒,2026-01-15 00:00:00,
AHJPO2602174,安恒,2026-01-15 00:00:00,排130KG
AHJPO2602973,安恒,2026-01-15 00:00:00,
ALCPO2600718,安健致远,2026-01-15 00:00:00,1/20收到  35公斤
AHJPO2603103,安恒,2026-01-15 00:00:00,
AHJPO2603088,安恒,2026-01-15 00:00:00,
4510250205,星昌/星联,2026-01-16 00:00:00,
AHJPO2603689,安恒,2026-01-16 00:00:00,
AHJPO2604126,安恒,2026-01-16 00:00:00,
EF25048-2,福恩娃,2026-01-16 00:00:00,1/17排100KG
EF25049-2,福恩娃,2026-01-16 00:00:00,
K26090同25128黑,康硕,2026-01-16 00:00:00,1/18收到样鞋
K26090,康硕,2026-01-17 00:00:00,欠色卡
K26007暗粉,康硕,2026-01-16 00:00:00,对D65灯光，排100公斤
ALCP02600721,安健致远,2026-01-16 00:00:00,
AHJPO2601437,安恒,2026-01-16 00:00:00,
4510250572,星昌/星联,2026-01-16 00:00:00,
AHJPO2604146,安恒,2026-01-16 00:00:00,
K26046单,康硕,2026-01-17 00:00:00,
ALCPO2601138,安健致远,2026-01-17 00:00:00,1/17再排300公斤
AHJPO2604206,安恒,2026-01-17 00:00:00,
4510250611,双源,2026-01-17 00:00:00,
4510250755,双源,2026-01-17 00:00:00,
4510250599,星昌/星联,2026-01-17 00:00:00,
AHJPO2604222,越南安恒,2026-01-17 00:00:00,
HX5914,恒鑫,2026-01-17 00:00:00,
HX5915,恒鑫,2026-01-17 00:00:00,
K26070冰蓝,康硕,2026-01-17 00:00:00,排130kg
K26072黑橙,康硕,2026-01-17 00:00:00,
K26073/蓝荧光黄,康硕,2026-01-17 00:00:00,
26026A,福盛和,2026-01-17 00:00:00,剪确认
26026B,福盛和,2026-01-17 00:00:00,剪确认
AHJPO2604314,安恒,2026-01-17 00:00:00,
AHJPO2604277,安恒,2026-01-17 00:00:00,
K26071黑水红,康硕,2026-01-19 00:00:00,1/19收到
K26074黑宝蓝,康硕,2026-01-19 00:00:00,1/19收到 70公斤
K26075黑灰,康硕,2026-01-19 00:00:00,1/19收到
K26062/61/63,康硕,2026-01-19 00:00:00,排45Y，取消单
AHJPO2604658,安恒,2026-01-19 00:00:00,
402303N,KSD,2026-01-19 00:00:00,做300公斤
ALCPO2601634,安健致远,2026-01-19 00:00:00,
ALCPO2601733,安健致远,2026-01-20 00:00:00,
4510250550,星昌/星联,2026-01-20 00:00:00,
AHJPO2607520,安恒,2026-01-20 00:00:00,
ALCPO2601749,安健致远,2026-01-20 00:00:00,1/21收到
HX1190-031,恒鑫,2026-01-21 00:00:00,
AHJPO2607546,越南安恒,2026-01-21 00:00:00,1/21收到
ALCPO2601885,安健致远,2026-01-21 00:00:00,"1/21收到,1/23到坯布247.55KG"
4510251467,星昌/星联,2026-01-21 00:00:00,
ALCPO2601922,安健致远,2026-01-22 00:00:00,剪现货确认
4510251653,星昌/星联,2026-01-22 00:00:00,
K26059黑/绿,康硕,2026-01-22 00:00:00,
25101,福盛和,2026-01-22 00:00:00,排100Y21.5KG
4510251955,星昌/星联,2026-01-23 00:00:00,
AHJPO2608371,安恒,2026-01-23 00:00:00,
AHJPO2608076,安恒,2026-01-23 00:00:00,
4510251149,双源,2026-01-20 00:00:00,
K26074黑皇家蓝,康硕,2026-01-24 00:00:00,
4510252157,星昌/星联,2026-01-24 00:00:00,
ALCPO2601994,安健致远,2026-01-24 00:00:00,
4510252276,星昌/星联,2026-01-24 00:00:00,
4510252169,星昌/星联,2026-01-24 00:00:00,
AHJPO2608681,安恒,2026-01-24 00:00:00,
AHJPO2608704,安恒,2026-01-24 00:00:00,
ALCPO2601941,安健致远,2026-01-23 00:00:00,
4510252324,星昌/星联,2026-01-25 00:00:00,
AHJPO2608850,安恒,2026-01-25 00:00:00,
4510252394,双源,2026-01-26 00:00:00,
ALCPO2602230,安健致远,2026-01-26 00:00:00,
4510252514,星昌/星联,2026-01-26 00:00:00,
4510252578,双源,2026-01-26 00:00:00,
AHJPO2609685,安恒,2026-01-27 00:00:00,
AHJPO2609621,安恒,2026-01-27 00:00:00,
4510252703,星昌/星联,2026-01-27 00:00:00,
LCPO2603695,安健致远,2026-01-27 00:00:00,
AHJPO2609804,安恒,2026-01-28 00:00:00,
K26060深蓝/桔,康硕,2026-01-29 00:00:00,
ALCPO2603732,安健致远,2026-01-29 00:00:00,
4510253234,双源,2026-01-29 00:00:00,
4510253413,双源,2026-01-30 00:00:00,
AHJPO2609964,安恒,2026-01-30 00:00:00,
ALCPO2603852,安健致远,2026-01-30 00:00:00,3/15送货
AHJPO2610573,安恒,2026-01-30 00:00:00,
4510248246,双源,2026-01-30 00:00:00,
AHJPO2611141,安恒,2026-02-01 00:00:00,
AHJPO2611172,安恒,2026-02-02 00:00:00,2/27恢复生产
AHJPO2611181,安恒,2026-02-02 00:00:00,
ALCP02600430,安健致远,2026-02-03 00:00:00,
4510254500,星昌/星联,2026-02-04 00:00:00,
AHJPO2611585,安恒,2026-02-04 00:00:00,
ALCPO2604132,安健致远,2026-02-05 00:00:00,
AHJPO2611696,安恒,2026-02-05 00:00:00,
AHJPO2611691,安恒,2026-02-05 00:00:00,
AHJPO2611673,安恒,2026-02-05 00:00:00,排500公斤
AHJPO2613433,安恒,2026-02-07 00:00:00,
AHJPO2613454,越南安恒,2026-02-07 00:00:00,
4510255075,星昌/星联,2026-02-08 00:00:00,
4510255236,星昌/星联,2026-02-08 00:00:00,
ALCPO2604172,安健致远,2026-02-08 00:00:00,
ALCPO2604179,安健致远,2026-02-08 00:00:00,
4510255322,星昌/星联,2026-02-10 00:00:00,
4510255358,星昌/星联,2026-02-10 00:00:00,
4510255446,星昌/星联,2026-02-10 00:00:00,
4510255757,星昌/星联,2026-02-10 00:00:00,
AHJPO2614065,安恒,2026-02-10 00:00:00,
ALCPO2604423,安健致远,2026-02-11 00:00:00,
ALCPO2604453,安健致远,2026-02-11 00:00:00,
ALCPO2604486,安健致远,2026-02-12 00:00:00,"3/2收到,剪确认"
AHJPO2614394,安恒,2026-02-14 00:00:00,做5000Y
4510255996,星昌/星联,2026-02-26 00:00:00,
4510255976,星昌/星联,2026-02-26 00:00:00,
4510256048,星昌/星联,2026-02-26 00:00:00,排100公斤
ALCPO2604496,安健致远,2026-02-26 00:00:00,
4510256115,星昌/星联,2026-02-26 00:00:00,
AHJPO2615020,安恒,2026-02-26 00:00:00,
4510256221,双源,2026-02-27 00:00:00,做100公斤
ALCPO2604529,安健致远,2026-02-27 00:00:00,4/2再送
ALCPO2604548,安健致远,2026-02-27 00:00:00,
AHJPO2616137,安恒,2026-02-27 00:00:00,
4510256396,星昌/星联,2026-02-28 00:00:00,
4510256735,星昌/星联,2026-02-28 00:00:00,
4510256521,双源,2026-02-28 00:00:00,
FE26011-1-3,福恩娃,2026-03-01 00:00:00,
FE26010-1-3,福恩娃,2026-03-01 00:00:00,排30Y
AHJPO2616252,安恒,2026-03-02 00:00:00,
AHJPO2616667,安恒,2026-03-02 00:00:00,要排75KG
AHJPO2616615,安恒,2026-03-02 00:00:00,
AHJPO2616771,安恒,2026-03-04 00:00:00,排850KG
AHJPO2616730,安恒,2026-03-04 00:00:00,先剪怀旧白/米黄确认
AHJPO2616717,安恒,2026-03-04 00:00:00,
4510257123,双源,2026-03-04 00:00:00,
AHJPO2616737,越南安恒,2026-03-04 00:00:00,
K26081黑,康硕,2026-03-04 00:00:00,
K26082黑,康硕,2026-03-04 00:00:00,
FE26001-1,福恩娃,2026-03-04 00:00:00,3/5收到排1件
K26096黑,康硕,2026-03-01 00:00:00,3/1收到，剪黑纱确认
ALCPO2605181,安健致远,2026-03-04 00:00:00,
AHJPO2616846,安恒,2026-03-04 00:00:00,
4510257347,双源,2026-03-05 00:00:00,
AHJPO2616889,安恒,2026-03-05 00:00:00,
4510257401,星昌/星联,2026-03-05 00:00:00,
4510257618,双源,2026-03-06 00:00:00,打下
K26124黑/卡其,康硕,2026-03-06 00:00:00,3/6收到鞋子
K26111/26112,康硕,2026-03-06 00:00:00,排30公斤
K26111/26113/26112,康硕,2026-03-06 00:00:00,
K26113黑,康硕,2026-03-06 00:00:00,排20公斤
FE26006-7-5,福恩娃,2026-03-06 00:00:00,排1800Y
FE26007-1-5,福恩娃,2026-03-06 00:00:00,剪确认
4510257867,星昌/星联,2026-03-07 00:00:00,
4510257857,星昌/星联,2026-03-07 00:00:00,
AHJPO2617341,越南安恒,2026-03-07 00:00:00,贴合用
4510257912,星昌/星联,2026-03-07 00:00:00,
