泉州阳硕鞋材有限公司,,,,,,,,,,,300码以下记得开小缸费 牛津布1000Y以下开染费 帆布500Y以下开染费，丝光布白度每次问下要哪个白,,,,,,,,,,,,丝光
送  货  单,,,,,,,,,,,,,,,,,,,,,,,
收货单位：莆田市星联鞋业有限公司,,,,,,,NO.：,XC2603010,,,,,,,,,,,,,,,
地址：福建省莆田市荔城区西天尾镇南少林路777号,,,,,,,送货日期：,2026-03-07 00:00:00,,,,,,,,,,,,,,,
订单号,指令号,料号,品     名,颜色,数量,单位,支数,单价,金额,备注,,,,,,,,,,,,,
,9X23127m,WB16634,"180g白色佳积布54""",白色,96,Y,,,,,XC221015,2022-10-16 00:00:00,扣9/7发货的2629码库存,,,,,,,,,,
4510016490,,WB11679,"250G 黑色佳积布54""",黑色,204,Y,,,,,XC221202,2022-12-05 00:00:00,,,,,,,,,,,
4510022337,1100019493,WB17130,"180G K209网布59""",炫目蓝色,22,Y,,,,,XC221225,2022-12-29 00:00:00,,,,,,,,,,,
,,,小缸费,炫目蓝色,1,个,,,,,XC221225,2022-12-29 00:00:00,,,,,,,,,,,
4510022337,1100019493,WB17128,"180G K209网布59""",白柠檬色,7,Y,,,,,XC221225,2022-12-29 00:00:00,,,,,,,,,,,
,,,小缸费,白柠檬色,1,个,,,,,XC221225,2022-12-29 00:00:00,,,,,,,,,,,
4510051506,2X000594,WD000107,"XF8001氨纶布54""360G",白色,33,Y,,,,,XC230613,2023-06-10 00:00:00,,,,,,,,,,,
,,WB10689,"180G黑色佳积布54""",黑色,350,Y,3,,,,XC230618,2023-06-15 00:00:00,138+119+93,小赖群里通知发的,,,,,,,,,
,,WB5788,"低弹平布54""",白色,12,Y,,,,,XC230622,2023-06-17 00:00:00,,,,,,,,,,,
4510049608,2X000568,WD000577,"HF-WV07504 TPEE-TPU-P绞综网布56""340G",白色,34,Y,,,,,XC230623,2023-06-17 00:00:00,,,,,,,,,,,
,"2X000652,653,654,655",WB14822,"130G丝光布54""",白色,9,Y,,,,,XC230836,2023-08-25 00:00:00,,,,,,,,,,,
4510066533,2X000927M,WS000415,"390G YS7001三层网54""",暴力灰14-4103TPG,10,Y,,,,,XC231009,2023-10-08 00:00:00,,,,,,,,,,,
4510086324,,WD000498,"180G K209网布54""",驼色,9,Y,,,,,XC231117,2023-11-20 00:00:00,,,,,,,,,,,
4510085749,2X001142,WB13224,"380G K666单层网54""",白色,111,Y,3,,,60+32+37,XC231117,2023-11-20 00:00:00,实发129Y，11月入库18Y，欠111Y未入库,,,,,,,,,,
,,WD001865,300G 白色天鹅绒,白色,42,码,2,,,,XC240429,2024-04-23 00:00:00,100+59=159,实发159Y，2024/04月入库117Y，欠42Y未入库,,,,,,,,,
,,,300g提花天鹅绒,白色,33,码,,,,,XC240436,2024-04-26 00:00:00,126+100*3+85+13=524,,,,,,,,,,
,,,180g天鹅绒,白色,92,码,2,,,,XC240438,2024-04-26 00:00:00,120+15=135,,,,,,,,,,
4510121388,2X001793,WB6769,"300g提花天鹅绒54""",白色,104,码,1,,,,XC240518,2024-05-17 00:00:00,,,,,,,,,,,
4510128713,2X001896,WB12436,"380G XF8021三明治网布54""",黄色,11,码,1,,,,XC2400720,2024-07-18 00:00:00,,,,,,,,,,,
,2X001897,WB12333,"380G XF8021三明治网布54""",白色,12,码,,,,,XC2400723,2024-07-22 00:00:00,,,,,,,,,,,
,2X001897,WB12333,"380G XF8021三明治网布54""",白色,2,码,1包,,,,XC2400730,2024-07-29 00:00:00,,,,,,,,,,,
,,WB6769,"300G 提花天鹅绒54""",白色,20,码,1,,,,XC2400836,2024-08-22 00:00:00,,,,,,,,,,,
,,WB11680,"250G 白色佳积布54""",白色,7,码,1包,,,,XC2400843,2024-08-28 00:00:00,,,,,,,,,,,
4510142468,1100130792,WD001797,"180GK209网布54""",粉红15-1512TPG,5,码,1包,,,,XC2400903,2024-09-03 00:00:00,,,,,,,,,,,
,,,小缸费,粉红15-1512TPG,1,个,,,,,XC2400903,2024-09-03 00:00:00,,,,,,,,,,,
4510150893,2X002220,WB7447,"180G天鹅绒54""",白色,26,码,1,,,,XC2401006,2024-10-07 00:00:00,,,,,,,,,,,
4510158985,2X002014,WD002502,"180G K209网布55""",FAGGIO山褐色,26,码,1,,,,XC2401028,2024-10-30 00:00:00,,,,,,,,,,,
4510156172,2X002270,WJ000026,"180G佳积布58""",黑色,57,码,1,,,,XC2401030,2024-10-30 00:00:00,,,,,,,,,,,
,,WD000904,"180G  K209网布55""",白色,27,码,1,,,,XC2401104,2024-11-05 00:00:00,,,,,,,,,,,
,,WD000902,"180G  K209网布55""",灰褐色14-4501TPG,25,码,1,,,,XC2401104,2024-11-05 00:00:00,,,,,,,,,,,
,,WD002510,"180G  K209网布55""",红木色18-1436TPG,8,码,1包,,,,XC2401104,2024-11-05 00:00:00,,,,,,,,,,,
,,WD002506,"180G  K209网布55""",暖橙色13-1030TPG,12,码,1,,,,XC2401104,2024-11-05 00:00:00,,,,,,,,,,,
,,WD002498,"180G  K209网布55""",鹅卵色14-1112TPG,5,码,1包,,,,XC2401104,2024-11-05 00:00:00,,,,,,,,,,,
,,WD002483,"230GK209网布57""",白色,3,码,1包,,,,XC2401104,2024-11-05 00:00:00,,,,,,,,,,,
,,WD002493,"180G  K209网布55""",草绿色18-0622TPG,5,码,1包,,,,XC2401104,2024-11-05 00:00:00,,,,,,,,,,,
4510157194,2X002279,WB12252,"10安帆布54""",棕色,121,码,1,,,,XC2401108,2024-11-09 00:00:00,,,,,,,,,,,
4510157194,2X002279,WB12252,"10安帆布54""",棕色,21,码,2,,,,XC2401110,2024-11-10 00:00:00,,,,,,,,,,,
,,WD000554,"210G单层网布54""",卡其色,4,码,1包,,,,XC2401118,2024-11-13 00:00:00,,,,,,,,,,,
,,WD001134,"230GK208网布54""",本白色,5,码,1包,,,,XC2401118,2024-11-13 00:00:00,,,,,,,,,,,
,,WD001135,180G丝光布,白色,7,码,1包,,,,XC2401119,2024-11-15 00:00:00,,,,,,,,,,,
,,WD000554,"210G单层网布54""",卡其色,4,码,1包,,,,XC2401121,2024-11-15 00:00:00,,,,,,,,,,,
4510162472,1X001280BD,WD002822,"丝光布54""",碳灰色,9,码,1,,,,XC2401123,2024-11-19 00:00:00,,,,,,,,,,,
,,,小缸费,碳灰色,1,个,,,,,XC2401123,2024-11-19 00:00:00,,,,,,,,,,,
4510162397,2X002399,WB4617,"230G POLYPAG PII网布54""",标准白,10,码,,,,,XC2401129,2024-11-25 00:00:00,100+93=193,交154Y，10月入144Y，欠10Y,,,,,,,,,
4510162397,2X002385,WB7447,"180G天鹅绒54""",白色,39,码,,,,,XC2401204,2024-12-10 00:00:00,120*3+128=488,,,,,,,,,,
4510170602,2X002567M,WJ000026,"180G佳积布58""",黑色,23,码,1,,,,XC2401215,2024-12-20 00:00:00,,,,,,,,,,,
4510171200,2X002597M,WB16877,"8安帆布54""",棕色,5,码,1包,,,,XC2401219,2024-12-26 00:00:00,,,,,,,,,,,
,,WD000237,"180G K209网布54""",冠军蓝,5,码,1包,,,,XC2401221,2024-12-30 00:00:00,,,,,,,,,,,
,,WB4822,"130G 丝光布54""",白色,35,码,1,,,,XC2501007,2025-01-07 00:00:00,"实际发了74Y，2025/1月已入库13Y，3月已入库26,欠35",,,,,,,,,,
4510167616,1X001358M,WD003203,"180G K209网布54""",沙色13-0907TPG,11,码,1,,,,XC2501008,2025-01-07 00:00:00,,,,,,,,,,,
,,WB4822,"130G 丝光布54""",白色,141,码,1,,,,XC2501009,2025-01-09 00:00:00,,,,,,,,,,,
,,WD003293,"220G 亚光四面弹54""",蕾丝白色,2,码,1包,,,,XC2501011,2025-01-11 00:00:00,,,,,,,,,,,
,,WD002886,"220G 亚光四面弹54""",黑色,5,码,1包,,,,XC2501011,2025-01-11 00:00:00,,,,,,,,,,,
,,WB4822,"130G 丝光布54""",白色,60,码,1,,,,XC250201,2025-02-09 00:00:00,,,,,,,,,,,
,,WD000237,"180G K209网布54""",冠军蓝,5,码,,,,,XC250201,2025-02-09 00:00:00,,,,,,,,,,,
4510177958,2X002536BD,WD002738,"350G K418格子布55""",黑色,5,码,,,,,XC250202,2025-02-11 00:00:00,,,,,,,,,,,
,1X001373,H2003281,300G提花天鹅绒54”,天青蓝,3,码,1包,,,,XC250212,2025-02-22 00:00:00,,,,,,,,,,,
,1X001374,H2003283,300G提花天鹅绒54”,风仙紫,8,码,1包,,,,XC250212,2025-02-22 00:00:00,,,,,,,,,,,
,,WS001365,"300G YS2975三层网54""",佳宝蓝色,60,码,1,,,,XC250312,2025-03-11 00:00:00,,,,,,,,,,,
,,WJ000300,"150G佳积布54""",黑色,60,码,1,,,,XC2504003,2025-04-03 00:00:00,,,,,,,,,,,
4510186910,,WB4822,"130G 丝光布54""",白色,26,码,,,,,XC2504004,2025-04-03 00:00:00,,,,,,,,,,,
,,WS001301,"360-380G 空气层54""",白色,47,码,1,,,,XC2504004,2025-04-03 00:00:00,,,,,,,,,,,
,,WB12252,"棕色10安帆布54""",棕色,43,Y,,,,,XC2504005,2025-04-05 00:00:00,,,,,,,,,,,
,,WJ000444,"140G佳积布58""",白色,162,Y,1,,,大白,XC2504006,2025-04-06 00:00:00,,,,,,,,,,,
,,WD003530,"180G K209网布54""",城堡灰18-0201TPG,5,码,1包,,,,XC2504007,2025-04-07 00:00:00,,,,,,,,,,,
,,WD003530,"180G K209网布54""",城堡灰18-0201TPG,2,码,1包,,,,XC2504009,2025-04-09 00:00:00,,,,,,,,,,,
,,WD003591,"180GK209网布54""",黑牡蛎色,5,码,1包,,,,XC2504024,2025-04-25 00:00:00,,,,,,,,,,,
,,WD000902,"180GK209网布55""",灰褐色14-4501TPG,47,码,1,,,,XC2504024,2025-04-25 00:00:00,,,,,,,,,,,
,,WB14777,"180GK209网布55""",黑色,19,码,1,,,,XC2504024,2025-04-25 00:00:00,,,,,,,,,,,
,,WD000904,"180GK209网布55""",白色,15,码,1,,,,XC2504024,2025-04-25 00:00:00,,,,,,,,,,,
,,WD003032,"230G K209网布54""",南极灰色,2,码,1包,,,,XC2505001,2025-05-04 00:00:00,,,,,,,,,,,
,,WB4822,"130G  丝光布54""",白色,54,码,1,,,,XC2505004,2025-05-07 00:00:00,,,,,,,,,,,
,,WD003033,"230G K209网布54""",米白色,2,码,1包,,,,XC2505005,2025-05-09 00:00:00,,,,,,,,,,,
,,WB16877,"8安帆布54""",棕色,20,码,1,,,,XC2505007,2025-05-15 00:00:00,,,,,,,,,,,
,,WB11269,"230G K208网布54""",黑色,3,码,1包,,,,XC2505011,2025-05-17 00:00:00,,,,,,,,,,,
,,WB12252,"10安帆布54""",棕色,150,码,1,,,,XC2505017,2025-05-26 00:00:00,,,,,,,,,,,
,,,小缸费,棕色,1,个,,,,,XC2505017,2025-05-26 00:00:00,,,,,,,,,,,
,,WD003841,"250G 莱卡布54""",深蓝色,13,码,1,,,,XC2507002,2025-07-04 00:00:00,,,,,,,,,,,
,,WD003841,"250G 莱卡布54""",深蓝色,20,码,1,,,,XC2507011,2025-07-10 00:00:00,,,,,,,,,,,
,,,小缸费,深蓝色,1,个,,,,,XC2507011,2025-07-10 00:00:00,,,,,,,,,,,
4510207903,2X003040,WB13220,"180G 白色K209网布54""",白色,82,码,1,,,,XC2507027,2025-07-22 00:00:00,,,,,,,,,,,
4510208701,1X001522M,WB13220,"180G 白色K209网布54""",白色,61,码,,,,,XC2507027,2025-07-22 00:00:00,退回，重发,,,,,,,,,,
4510211105,2X003131,WD002113,"380G光亮白色YS5736网布54""",光亮白色,29,码,1,,,,XC2507035,2025-07-31 00:00:00,,,,,,,,,,,
,,WD002738,"350G K418 格子布(柄亿）（新欧标环保）55""",黑色,15,码,1,,,,XC2508016,2025-08-12 00:00:00,,,,,,,,,,,
,,WD000904,"180G  K209网布54""",白色,33,码,1,,,,XC2508022,2025-08-16 00:00:00,,,,,,,,,,,
,,WD003508,"180G  K209网布55""",棕色,10,码,1,,,,XC2508022,2025-08-16 00:00:00,,,,,,,,,,,
,,WD003505,"180G  K209网布55""",中花灰色,1,码,1包,,,,XC2508022,2025-08-16 00:00:00,,,,,,,,,,,
,,WB14777,"180G K209网布55""",黑色,47,码,1,,,,XC2508022,2025-08-16 00:00:00,,,,,,,,,,,
,,WD000908,"180GK209网布57""",灰褐色14-4501TPG,5,码,1,,,,XC2508022,2025-08-16 00:00:00,,,,,,,,,,,
,,WD000902,"180GK209网布55""",灰褐色14-4501TPG,36,码,1,,,,XC2508022,2025-08-16 00:00:00,,,,,,,,,,,
4510214829,1X001578M,WD004103,"180G K209网布54""",14-4112TPG天空蓝色,3,码,1包,,,补不良,XC2509011,2025-09-08 00:00:00,,,,,,,,,,,
4510217732,2X003179M,WD004130,"220G 棕色鸡皮绒54""",TAN棕色,2,码,1包,,,,XC2509011,2025-09-08 00:00:00,稍有缸差,,,,,,,,,,
,,,小缸费,TAN棕色,1,个,,,,,XC2509011,2025-09-08 00:00:00,,,,,,,,,,,
4510215315,1X001580M,WD001803,"180G K209网布54""",岩石灰色,3,码,1包,,,,XC2510003,2025-10-05 00:00:00,,,,,,,,,,,
,,WJ000485,"120G 佳积布54""",浅棕色,28,码,1,,,,XC2510003,2025-10-05 00:00:00,,,,,,,,,,,
4510228486,3X000175M,WK000299,"230G K208网布54""",米白色,80,码,9,,,,XC2510029,2025-10-26 00:00:00,105*8+78=918,实发918Y，2025/11月入库838Y，欠80Y未入库,,,,,,,,,
,,WB12252,"棕色10安帆布54""",棕色,50,Y,4,,,,XC2511020,2025-11-14 00:00:00,164*3+23=515,实发515Y，2025/11月入10Y+455Y，欠50Y未入库,,,,,,,,,
,,WD000907,"230G K209网布57""",灰褐色14-4501TPG,17,码,1,,,,XC2511023,2025-11-24 00:00:00,,,,,,,,,,,
,,,小缸费,灰褐色14-4501TPG,1,个,,,,,XC2511023,2025-11-24 00:00:00,,,,,,,,,,,
,,WD000392,"200G莱卡布54""",黑色,58,码,1,,,,XC2511023,2025-11-24 00:00:00,,,,,,,,,,,
,,WD002483,"230G K209网布57""",白色,23,码,1,,,,XC2511023,2025-11-24 00:00:00,,,,,,,,,,,
,,WB10687,"180G佳积布54""",白色,200,码,2,,,125+75=200,XC2511023,2025-11-24 00:00:00,,,,,,,,,,,
4510239540,2X003441,WD002118,"350G 拉毛四面弹54""",墨青蓝色,120,码,1,,,,XC2511027,2025-11-30 00:00:00,,,,,,,,,,,
4510239893,2X003367BD,WB6769,"300G 白色提花天鹅绒54""",白色,4,码,1包,,,,XC2512002,2025-12-03 00:00:00,,,,,,,,,,,
,,WS001431,"320G YSD137加厚内里布54""",白色,48,码,1,,,,XC2512004,2025-12-06 00:00:00,,,,,,,,,,,
4510215774,3X000014M,WB11680,"250G 佳积布54""",白色,61,码,1,,,13.7公斤,XC2512007,2025-12-09 00:00:00,,,,,,,,,,,
,,WB10689,"180G佳积布54""",黑色,48,码,1,,,9公斤,XC2512009,2025-12-10 00:00:00,,,,,,,,,,,
,,FX000226,"200G拉毛四面弹54""",黑色,2,码,1,,,,XC2512009,2025-12-10 00:00:00,,,,,,,,,,,
,,WD000108,"360G XF8001氨纶布54""",黑色,2,码,1,,,,XC2512009,2025-12-10 00:00:00,,,,,,,,,,,
4510239540,2X003437,WD002119,"350G 拉毛四面弹54""",宝瓶蓝16-4530TPG,27,码,1,,,8.7公斤,XC2512010,2025-12-12 00:00:00,,,,,,,,,,,
,,,小缸费,宝瓶蓝16-4530TPG,1,个,,,,,XC2512010,2025-12-12 00:00:00,,,,,,,,,,,
4510239540,2X003437,WD000508,"350G 拉毛四面弹54""",玛瑙黑色,143,码,2,,,,XC2512011,2025-12-12 00:00:00,90+53=143，重量28.9+19.6=48.5,,,,,,,,,,
,,,小缸费,玛瑙黑色,1,个,,,,,XC2512011,2025-12-12 00:00:00,,,,,,,,,,,
4510239540,2X003439,WD000572,"350G 拉毛四面弹54""",光亮白色,111,码,2,,,,XC2512011,2025-12-12 00:00:00,54+57=111 重量19.1+20.1=39.2,,,,,,,,,,
,,,小缸费,光亮白色,1,个,,,,,XC2512011,2025-12-12 00:00:00,,,,,,,,,,,
4510239540,2X003441,WD002120,"350G  拉毛四面弹54""",幽蓝,30,码,1,,,11公斤,XC2512015,2025-12-19 00:00:00,实发32Y,,,,,,,,,,
,,,小缸费,幽蓝,1,个,,,,,XC2512015,2025-12-19 00:00:00,,,,,,,,,,,
4510243488,3X000189M,WB16877,"8安帆布54""",棕色,76,码,1,,,,XC2512015,2025-12-19 00:00:00,,,,,,,,,,,
4510242079,,WB10878,"210D牛津布54""",白色,4,码,,,,,XC2512016,2025-12-25 00:00:00,,,,,,,,,,,
4510244084,2X003459,WB10878,"210D牛津布54""",白色,18,码,,,,,XC2512016,2025-12-25 00:00:00,,,,,,,,,,,
4510244226,3X000329M,WB10878,"210D牛津布54""",白色,20,码,,,,,XC2512016,2025-12-25 00:00:00,,,,,,,,,,,
4510244288,2X003462M,WB10878,"210D牛津布54""",白色,11,码,,,,,XC2512016,2025-12-25 00:00:00,,,,,,,,,,,
4510245147,3X000341M,WB10878,"210D牛津布54""",白色,12,码,,,,,XC2512016,2025-12-25 00:00:00,,,,,,,,,,,
4510245147,2X003472,WB10878,"210D牛津布54""",白色,20,码,,,,,XC2512016,2025-12-25 00:00:00,,,,,,,,,,,
4510245231,2X003462M,WB10878,"210D牛津布54""",白色,5,码,,,,,XC2512016,2025-12-25 00:00:00,,,,,,,,,,,
4510245231,2X003472,WB10878,"210D牛津布54""",白色,6,码,1,,,,XC2512016,2025-12-25 00:00:00,,,,,,,,,,,
4510242079,,WY000085,"210D牛津布54""",黑色,7,码,1,,,,XC2512017,2025-12-25 00:00:00,,,,,,,,,,,
4510244084,3X000328M,WB11529,"210D尼龙牛津布58""",黑色,12,码,,,,,XC2512017,2025-12-25 00:00:00,,,,,,,,,,,
4510244288,1X001783,WY000085,"210D牛津布54""",黑色,56,码,,,,,XC2512017,2025-12-25 00:00:00,,,,,,,,,,,
4510245147,2X003471,WB11529,"210D尼龙牛津布58""",黑色,7,码,,,,,XC2512017,2025-12-25 00:00:00,,,,,,,,,,,
4510245147,3X000350M,WY000085,"210D牛津布54""",黑色,12,码,,,,,XC2512017,2025-12-25 00:00:00,,,,,,,,,,,
4510245231,3X000350M,WY000085,"210D牛津布54""",黑色,8,码,,,,,XC2512017,2025-12-25 00:00:00,,,,,,,,,,,
4510245231,3X000350M,WY000085,"210D牛津布54""",黑色,10,码,,,,,XC2512017,2025-12-25 00:00:00,,,,,,,,,,,
4510245027,2X003475,WJ000026,"180G佳积布58""",黑色,37,码,1,,,7.3公斤,XC2512018,2025-12-25 00:00:00,,,,,,,,,,,
4510245027,3X000350M,WJ000181,"180G佳积布59""",黑色,67,码,1,,,12.8公斤,XC2512018,2025-12-25 00:00:00,,,,,,,,,,,
4510245496,2X003484,WH000041,"12安帆布54""",棕色,260,码,3,,,,XC2512019,2025-12-29 00:00:00,,,,,,,,,,,
4510246224,2X003494M,WH000041,"12安帆布54""",棕色,2,码,,,,,XC2512019,2025-12-29 00:00:00,136+111+15=262,,,,,,,,,,
,,,小缸费,棕色,1,个,,,,,XC2512019,2025-12-29 00:00:00,,,,,,,,,,,
4510239540,2X003441,WD002118,"350G  拉毛四面弹54""",墨青蓝色,161,码,2,,,,XC2512019,2025-12-29 00:00:00,115+46=161  34.8+13.4=48.2，不同缸，请分批使用,,,,,,,,,,
,,,小缸费,墨青蓝色,1,个,,,,,XC2512019,2025-12-29 00:00:00,,,,,,,,,,,
4510246122,2X003489,WB10878,"210D牛津布54""",白色,22,码,1,,,,XC2512019,2025-12-29 00:00:00,,,,,,,,,,,
4510246243,1X001785,WB10689,"180G佳积布54""",黑色,586,码,5,,,,XC2512019,2025-12-29 00:00:00,45+143+140*2+118=586  重量：8.9+25.1+25*2+19.5=103.5,,,,,,,,,,
4510246243,1X001786,WB10687,"180G佳积布54""",白色,563,码,4,,,,XC2512020,2025-12-29 00:00:00,134+143*3=563 重量：22.8+24.7*3,,,,,,,,,,
4510246243,2X003488,WJ000529,"150G佳积布58""",白色,8,码,1,,,5.8公斤,XC2512020,2025-12-29 00:00:00,,,,,,,,,,,
4510246243,2X003491M,WJ000529,"150G佳积布58""",白色,7,码,,,,,XC2512020,2025-12-29 00:00:00,,,,,,,,,,,
4510246376,3X000345M,WJ000529,"150G佳积布58""",白色,15,码,,,,,XC2512020,2025-12-29 00:00:00,,,,,,,,,,,
4510245027,3X000350M,WJ000300,"150G佳积布54""",黑色,282,码,2,,,,XC2512020,2025-12-29 00:00:00,150+132=282 重量24.6+22,,,,,,,,,,
4510246243,2X003485,WJ000530,"150G佳积布58""",黑色,26,码,1,,,6公斤,XC2512020,2025-12-29 00:00:00,,,,,,,,,,,
4510246243,2X003492M,WJ000530,"150G佳积布58""",黑色,7,码,,,,,XC2512020,2025-12-29 00:00:00,,,,,,,,,,,
4510245027,3X000353C,WD003789,"230G BK网布54""",TAN棕色,524,码,6,,,,XC2601001,2026-01-03 00:00:00,96*4+70*2=524 重量 25.9+25.5+25+25.8+18.2+18.4,,,,,,,,,,
4510245027,3X000353C,WD003789,"230G BK网布54""",TAN棕色,25,码,1,,,,XC2601002,2026-01-09 00:00:00,,,,,,,,,,,
4510246829,2X003484,WH000041,"12安帆布54""",棕色,25,码,2,,,,XC2601002,2026-01-09 00:00:00,18+9=27,,,,,,,,,,
,,,小缸费,棕色,1,个,,,,,XC2601002,2026-01-09 00:00:00,,,,,,,,,,,
4510245611,2X003484,WD004249,"220G 鸡皮绒54""",浅棕色,260,码,2,,,,XC2601002,2026-01-09 00:00:00,176+90=269（多9Y)重量43.4+25.1,,,,,,,,,,
4510248326,2X003499,WB7416,"3U180G天鹅绒54""",黑色,1158,码,10,,,,XC2601002,2026-01-09 00:00:00,120*9+78=1158 重量：21.4+21+21.1+20.6+20.8*2+20.5*3+14.2,,,,,,,,,,
4510248874,3X000368M,WS001431,"320G YSD137加厚内里布54""",白色,129,码,2,,,,XC2601002,2026-01-09 00:00:00,75+54=129  重量24+17.7,,,,,,,,,,
4510248836,3X000375M,WB10878,"210D牛津布54""",白色,2,码,1,,,,XC2601003,2026-01-10 00:00:00,,,,,,,,,,,
4510249237,2X003513,WB10878,"210D牛津布54""",白色,5,码,,,,,XC2601003,2026-01-10 00:00:00,,,,,,,,,,,
4510249237,2X003516,WB11529,"210D尼龙牛津布58""",黑色,2,码,1,,,,XC2601003,2026-01-10 00:00:00,,,,,,,,,,,
4510248326,2X003499,WB13223,"380G K666单层网布54""",黑色,65,码,1,,,,XC2601003,2026-01-10 00:00:00,,,,,,,,,,,
4510248874,3X000375M,WB13220,"180G K209网布54""",白色,98,码,1,,,17.3公斤,XC2601003,2026-01-10 00:00:00,,,,,,,,,,,
4510249237,2X003505,WB12252,"10安帆布54""",棕色,551,码,4,,,,XC2601004,2026-01-11 00:00:00,,,,,,,,,,,
4510249237,2X003506,WB16877,"8安帆布54""",棕色,66,码,,,,,XC2601004,2026-01-11 00:00:00,164*3+125=617,,,,,,,,,,
4510248326,2X003499,WB13223,"380G K666单层网布54""",黑色,697,码,12,,,,XC2601004,2026-01-11 00:00:00,60*11+37=697重量：23.5*11+14.7,,,,,,,,,,
4510249155,2X003508,WJ000028,"180G佳积布58""",深灰,68,码,1,,,12.6公斤,XC2601004,2026-01-11 00:00:00,,,,,,,,,,,
4510246243,1X001786,WD003772,"220G  TANGO SUEDE弹力超纤布54""",08-BEIGE米色,561,码,3,,,,XC2601005,2026-01-12 00:00:00,224+211+128=563重量：44.8+47.8+26.9,,,,,,,,,,
4510249237,2X003510,WB6769,"300G 提花天鹅绒54""",白色,201,码,2,,,,XC2601006,2026-01-13 00:00:00,97+104=201  重量：29+32.7,,,,,,,,,,
4510249429,3X000378M,WD001386,"250G低弹平布54""",白色11-0601TPG,11,码,1,,,,XC2601006,2026-01-13 00:00:00,,,,,,,,,,,
4510249429,3X000379M,WD001387,"250G低弹平布54""",黑色,1,码,1,,,,XC2601006,2026-01-13 00:00:00,,,,,,,,,,,
4510249429,3X000378M,WD001865,"300G 天鹅绒54""",白色,151,码,2,,,,XC2601006,2026-01-13 00:00:00,100+51=151 重量27.8+15.2,,,,,,,,,,
4510249155,2X003504,WJ000026,"180G佳积布58""",黑色,355,码,3,,,,XC2601007,2026-01-15 00:00:00,135*2+85=355 重量25.1*2+16.5,,,,,,,,,,
4510249155,2X003506,WJ000025,"180G佳积布58""",棕色,196,码,2,,,,XC2601007,2026-01-15 00:00:00,,,,,,,,,,,
4510249582,2X003517M,WJ000025,"180G佳积布58""",棕色,11,码,,,,,XC2601007,2026-01-15 00:00:00,122+85=207 重量24.7+16.1,,,,,,,,,,
,,,小缸费,棕色,1,个,,,,,XC2601007,2026-01-15 00:00:00,,,,,,,,,,,
4510249429,3X000379M,WD000952,"230G莱卡布54""",黑色,96,码,1,,,22.8,XC2601007,2026-01-15 00:00:00,,,,,,,,,,,
4510249155,2X003505,WJ000029,"180G佳积布58""",深蓝,144,码,2,,,,XC2601007,2026-01-15 00:00:00,,,,,,,,,,,
4510249488,2X003518M,WJ000029,"180G佳积布58""",深蓝,11,码,,,,,XC2601007,2026-01-15 00:00:00,130+25=155 重量24.8+5.2,,,,,,,,,,
,,,小缸费,深蓝,1,个,,,,,XC2601007,2026-01-15 00:00:00,,,,,,,,,,,
4510249171,2X003515,WB10687,"180G佳积布52""",白色,100,码,1,,,17,XC2601008,2026-01-15 00:00:00,,,,,,,,,,,
4510249282,2X003516,WJ000300,"150G佳积布54""",黑色,98,码,1,,,15.9,XC2601008,2026-01-15 00:00:00,,,,,,,,,,,
4510249488,2X003519M,WJ000026,"180G佳积布58""",黑色,11,码,1,,,,XC2601008,2026-01-15 00:00:00,,,,,,,,,,,
4510249778,3X000380M,WB13219,"180G 黑色K209网布54""",黑色,99,码,1,,,18.4,XC2601008,2026-01-15 00:00:00,,,,,,,,,,,
4510249872,3X000383M,WB10878,"白色210D牛津布54""",白色,2,码,1,,,,XC2601008,2026-01-15 00:00:00,,,,,,,,,,,
4510248874,3X000368M,WS001431,"320GYSD137加厚内里布54""",白色,549,码,9,,,,XC2601009,2026-01-16 00:00:00,,,,,,,,,,,
4510249429,3X000376M,WS001431,"320GYSD137加厚内里布54""",白色,125,码,,,,,XC2601009,2026-01-16 00:00:00,76*9=684(多10Y)24.5*9,,,,,,,,,,
4510248326,2X003499,WB4780,"230G 11301 POLYPAG II 网布54""",标准黑,568,码,6,,,,XC2601009,2026-01-16 00:00:00,100*5+68=568 重量：24.1*2+23.9+24.3+24.4+17.2,,,,,花掉重发,,,,,
,,WD003789,"230G BK网布54""",TAN棕色,10,码,1,,,,XC2601010,2026-01-17 00:00:00,,,,,,,,,,,
4510246243,1X001785,WD003687,"220G TANGO SUEDE弹力超纤布54""",67NAVY深蓝色,561,码,6,,,,XC2601010,2026-01-17 00:00:00,103+90*2+91*2+101=566 重量：26.2+22.8+23.1+23.9+24.8+22.6,,,,,,,,,,
4510248874,3X000367M,WS001432,"320G YSD137加厚内里布54""",黑色,192,码,3,,,,XC2601010,2026-01-17 00:00:00,72*2+48=192 重量：24.3*2+17.7,,,,,,,,,,
4510249582,2X003517M,WB12252,"10安帆布54""",棕色,36,码,1,,,,XC2601010,2026-01-17 00:00:00,,,,,,,,,,,
4510249582,2X003517M,WB16877,"8安帆布54""",棕色,4,码,,,,,XC2601010,2026-01-17 00:00:00,,,,,,,,,,,
,,,小缸费,棕色,1,个,,,,,XC2601010,2026-01-17 00:00:00,,,,,,,,,,,
4510248874,3X000375M,WS000407,"380G YD-0731三明治网布上树脂54""",白色,171,码,3,,,,XC2601010,2026-01-17 00:00:00,60*2+51 =171 重量30*2+27.5,,,,,,,,,,
4510249282,2X003511,WD004750,"300G提花天鹅绒54""",田园绿色,4,码,1,,,,XC2601011,2026-01-20 00:00:00,,,,,,,,,,,
,,实发6Y,小缸费,田园绿色,1,个,,,,,XC2601011,2026-01-20 00:00:00,,,,,,,,,,,
4510249282,2X003510,WD004751,"300G提花天鹅绒54""",象牙白色,4,码,1,,,,XC2601011,2026-01-20 00:00:00,,,,,,,,,,,
,,实发6Y,小缸费,象牙白色,1,个,,,,,XC2601011,2026-01-20 00:00:00,,,,,,,,,,,
4510249282,2X003512,WD004738,"230G K209网布54""",深灰色,58,码,1,,,,XC2601011,2026-01-20 00:00:00,,,,,,,,,,,
,,,小缸费,深灰色,1,个,,,,,XC2601011,2026-01-20 00:00:00,,,,,,,,,,,
4510249155,2X003508,WJ000028,"180G佳积布58""",深灰,11,码,1,,,,XC2601011,2026-01-20 00:00:00,实发15Y（多4Y，不同缸稍有缸差请配双使用）,,,,,,,,,,
,,,小缸费,深灰,1,个,,,,,XC2601011,2026-01-20 00:00:00,,,,,,,,,,,
4510249282,2X003510,WD004740,"230G  K209网布54""",象牙白色,71,码,1,,,,XC2601012,2026-01-22 00:00:00,,,,,,,,,,,
,,,小缸费,象牙白色,1,个,,,,,XC2601012,2026-01-22 00:00:00,,,,,,,,,,,
4510249429,3X000378M,WD004764,"230G莱卡布54""",19-2524TPG深紫色,85,码,1,,,实发90Y,XC2601012,2026-01-22 00:00:00,,,,,,,,,,,
,,,小缸费,19-2524TPG深紫色,1,个,,,,,XC2601012,2026-01-22 00:00:00,,,,,,,,,,,
4510250550,3X000387M,WD001386,"250G白色低弹平布54""",白色11-0601TPG,19,码,1,,,,XC2601013,2026-01-23 00:00:00,,,,,,,,,,,
4510250550,3X000386M,WD001387,"250G黑色低弹平布54""",黑色,19,码,1,,,,XC2601013,2026-01-23 00:00:00,,,,,,,,,,,
4510250205,2X003520,WB10878,"白色210D牛津布54""",白色,1,码,1,,,,XC2601013,2026-01-23 00:00:00,,,,,,,,,,,
4510250572,2X003520,WB10878,"白色210D牛津布54""",白色,7,码,,,,,XC2601013,2026-01-23 00:00:00,,,,,,,,,,,
4510250572,2X003520,WY000085,"黑色210D牛津布54""",黑色,7,码,1,,,,XC2601013,2026-01-23 00:00:00,,,,,,,,,,,
4510250599,2X003525,WY000085,"黑色210D牛津布54""",黑色,2,码,,,,,XC2601013,2026-01-23 00:00:00,,,,,,,,,,,
4510250550,3X000388M,WB6769,"300G 白色提花天鹅绒54""",白色,116,码,2,,,100+16,XC2601013,2026-01-23 00:00:00,,,,,,,,,,,
4510248326,2X003499,WD004645,"130G 拿铁色丝光布54""",15-1220TPG拿铁色,2535,码,18,,,,XC2601013,2026-01-23 00:00:00,145*16+135+80=2535,,,,,,,,,,
4510251467,3X000391M,WD003686,"220G TANGO SUEDE弹力超纤布54""",BLACK黑色,3,码,1,,,,XC2601014,2026-01-23 00:00:00,,,,,,,,,,,
,,WD004403,"220G 鸡皮绒54""",#06-BEIGE米色,10,码,1,,,,XC2601014,2026-01-23 00:00:00,,,,,,,,,,,
4510250550,3X000389M,WB10742,"300G提花天鹅绒54""",黑色,281,码,3,,,100*2+81=281,XC2601015,2026-01-24 00:00:00,,,,,,,,,,,
4510250550,3X000386M,WD001456,"300G 黑色天鹅绒54""",黑色,103,码,2,,,,XC2601015,2026-01-24 00:00:00,,,,,,,,,,,
4510251955,3X000401M,WD001456,"300G 黑色天鹅绒54""",黑色,11,码,,,,,XC2601015,2026-01-24 00:00:00,97+17=114（两件不同缸，请分开配双使用！）,,,,,,,,,,
4510251955,3X000401M,WD001387,"250G低弹平布54""",黑色,1,码,1,,,,XC2601015,2026-01-24 00:00:00,,,,,,,,,,,
4510251653,,WB10878,"210D牛津布54""",白色,7,码,1,,,,XC2601015,2026-01-24 00:00:00,,,,,,,,,,,
4510251653,,WY000085,"210D牛津布54""",黑色,4,码,1,,,,XC2601015,2026-01-24 00:00:00,,,,,,,,,,,
4510251653,,WB13223,"380G K666单层网布54""",黑色,22,码,1,,,,XC2601015,2026-01-24 00:00:00,,,,,,,,,,,
4510251955,3X000391M,WB10689,"180G佳积布54""",黑色,3,码,1,,,,XC2601015,2026-01-24 00:00:00,,,,,,,,,,,
4510251955,3X000401M,WD000952,"230G莱卡布54""",黑色,4,码,1,,,,XC2601015,2026-01-24 00:00:00,,,,,,,,,,,
4510251955,3X000401M,WD003839,"230G莱卡布54""",17-0000TPG浅灰色,3,码,1,,,,XC2601015,2026-01-24 00:00:00,,,,,,,,,,,
4510251653,,WB7416,"3U黑色180G天鹅绒54""",黑色,109,码,1,,,,XC2601016,2026-01-25 00:00:00,,,,,,,,,,,
4510248326,2X003499,WD004728,"360-370G BH-0289方格压纹四弹布58""",黑色,500,码,7,,,,XC2601016,2026-01-25 00:00:00,75*5+78+47=500,,,,,,,,,,
4510252169,2X003531,WB12252,"10安帆布54""",棕色,4,码,3,,,,XC2601016,2026-01-25 00:00:00,,,,,,,,,,,
4510252324,2X003530,WB12252,"10安帆布54""",棕色,266,码,,,,,XC2601016,2026-01-25 00:00:00,165*2+16=346,,,,,,,,,,
4510252324,2X003530,WB16877,"8安帆布54""",棕色,76,码,,,,,XC2601016,2026-01-25 00:00:00,,,,,,,,,,,
4510252324,2X003537,WY000085,"黑色210D牛津布54""",黑色,5,码,1,,,,XC2601016,2026-01-25 00:00:00,,,,,,,,,,,
4510252157,2X003527,WJ000146,"120G 黑色佳积布54""",黑色,155,码,1,,,,XC2601017,2026-01-26 00:00:00,,,,,,,,,,,
4510249282,2X003511,WD004739,"230G K209网布54""",竹绿色,73,码,1,,,,XC2601017,2026-01-26 00:00:00,,,,,,,,,,,
,,,小缸费,竹绿色,1,个,,,,,XC2601017,2026-01-26 00:00:00,,,,,,,,,,,
4510249778,3X000380M,WS000962,"380G YD-0731三明治网布上树脂54""",黑色,172,Y,3,,,,XC2601018,2026-01-27 00:00:00,60*2+52=172 重量 31*2+27.9,,,,,,,,,,
4510252157,2X003527,WJ000483,"220G佳积布54""",黑色,586,Y,6,,,,XC2601018,2026-01-27 00:00:00,3*107+105+106+54=586  重量：5*25.2+12.8,,,,,,,,,,
4510250550,2X003524,WJ000026,"180G黑色佳积布58""",黑色,106,Y,1,,,21.8,XC2601019,2026-01-28 00:00:00,,,,,,,,,,,
4510252276,2X003537,WB10689,"180G黑色佳积布54""",黑色,59,Y,1,,,11.4,XC2601019,2026-01-28 00:00:00,,,,,,,,,,,
4510252703,2X003538,WB12252,"10安帆布54""",棕色,90,Y,1,,,,XC2601020,2026-01-30 00:00:00,,,,,,,,,,,
4510252703,2X003538,WB16877,"8安帆布54""",棕色,11,Y,,,,,XC2601020,2026-01-30 00:00:00,,,,,,,,,,,
4510248326,2X003499,WD004728,"360-370G BH-0289方格压纹四弹布58""",黑色,39,码,1,,,,XC2601020,2026-01-30 00:00:00,,,,,,,,,,,
4510251653,,WD004728,"360-370G BH-0289方格压纹四弹布58""",黑色,5,码,,,,,XC2601020,2026-01-30 00:00:00,和前缸不同缸多6Y，请分批使用,,,,,,,,,,
4510252514,2X003538,WJ000025,"180G佳积布58""",棕色,31,码,1,,,,XC2601020,2026-01-30 00:00:00,,,,,,,,,,,
,,,小缸费,棕色,1,个,,,,,XC2601020,2026-01-30 00:00:00,,,,,,,,,,,
4510252514,2X003539,WJ000028,"180G佳积布58""",深灰,31,码,1,,,,XC2601020,2026-01-30 00:00:00,,,,,,,,,,,
,,,小缸费,深灰,1,个,,,,,XC2601020,2026-01-30 00:00:00,,,,,,,,,,,
4510248326,2X003499,WB4780,"230G 11301 POLYPAG II 网布54""",标准黑,568,码,6,,,,XC2602001,2026-02-01 00:00:00,100*4+105+63=568,,,,,,,,,,
4510254207,2X003441BD,WD002116,"380G YS5736网布54""",墨青蓝色,1,码,1,,,,XC2602002,2026-02-03 00:00:00,,,,,,,,,,,
4510251955,2X003528,WJ000518,"220G 佳积布54""",深蓝色,437,码,4,,,,XC2602002,2026-02-03 00:00:00,102+113+115+109=439,,,,,,,,,,
4510251955,2X003528,WD003841,"250G莱卡布54""",深蓝色,566,码,6,,,,XC2602002,2026-02-03 00:00:00,103*3+125+94+38=566,,,,,,,,,,
4510250550,3X000387M,WD001865,"300G 天鹅绒54""",白色,181,码,2,,,100+81=181,XC2602003,2026-02-04 00:00:00,,,,,,,,,,,
4510252169,2X003528,WH000041,"12安帆布54""",棕色,431,码,8,,,,XC2602003,2026-02-04 00:00:00,,,,,,,,,,,
4510252324,2X003537,WH000041,"12安帆布54""",棕色,424,码,,,,,XC2602003,2026-02-04 00:00:00,113*2+132+79+115+103+111+89=855,,,,,,,,,,
4510255322,2X003573,WB4617,"230G POLYPAG PII网布54""",标准白,34,码,2,,,,XC2603001,2026-03-04 00:00:00,,,,,,,,,,,
4510255358,2X003573,WB4617,"230G POLYPAG PII网布54""",标准白,92,码,,,,,XC2603001,2026-03-04 00:00:00,,,,,,,,,,,
4510255446,2X003573,WB4617,"230G POLYPAG PII网布54""",标准白,29,码,,,,,XC2603001,2026-03-04 00:00:00,,,,,,,,,,,
4510256396,2X003617,WB4617,"230G POLYPAG PII网布54""",标准白,10,码,,,,,XC2603001,2026-03-04 00:00:00,,,,,,,,,,,
,,,100+65=165,,,,,,,,XC2603001,2026-03-04 00:00:00,,,,,,,,,,,
4510254500,2X003540,WB4780,"230G 11301POLYPAG II 网布54""",标准黑,17,码,2,,,,XC2603001,2026-03-04 00:00:00,,,,,,,,,,,
4510255322,2X003575,WB4780,"230G 11301POLYPAG II 网布54""",标准黑,113,码,,,,,XC2603001,2026-03-04 00:00:00,,,,,,,,,,,
,,,100+30=130,,,,,,,,XC2603001,2026-03-04 00:00:00,,,,,,,,,,,
4510255075,3X000419M,WD001803,"180G K209网布54""",岩石灰色,5,码,1,,,,XC2603002,2026-03-04 00:00:00,,,,,,,,,,,
4510255075,3X000417M,WD004103,"180G K209网布54""",14-4112TPG天空蓝色,5,码,1,,,,XC2603002,2026-03-04 00:00:00,,,,,,,,,,,
4510255322,2X003570,WD000908,"180G K209网布57""",灰褐色14-4501TPG,240,码,2,,,,XC2603002,2026-03-04 00:00:00,,,,,,,,,,,
,,,120*2=240,,,,,,,,XC2603002,2026-03-04 00:00:00,,,,,,,,,,,
4510255322,2X003558,WB13219,"180G K209网布54""",黑色,260,码,2,,,,XC2603002,2026-03-04 00:00:00,,,,,,,,,,,
,,,120+140=260,,,,,,,,XC2603002,2026-03-04 00:00:00,,,,,,,,,,,
4510255322,2X003550,WD003509,"180G棕色 K209网布54""",棕色18-0950TPG,61,码,1,,,,XC2603002,2026-03-04 00:00:00,,,,,,,,,,,
4510255322,2X003573,WD002924,"240GYS121细纱弹力网布上轻树脂54""",白色,85,码,1,,,,XC2603002,2026-03-04 00:00:00,,,,,,,,,,,
4510256396,2X003617,WD002924,"240GYS121细纱弹力网布上轻树脂54""",白色,9,码,,,,,XC2603002,2026-03-04 00:00:00,,,,,,,,,,,
4510254500,2X003540,WB13223,"380GK666单层网布54""",黑色,28,码,1,,,,XC2603003,2026-03-04 00:00:00,,,,,,,,,,,
4510255322,2X003558,WB13223,"380GK666单层网布54""",黑色,32,码,,,,,XC2603003,2026-03-04 00:00:00,,,,,,,,,,,
4510255322,2X003570,WB6769,"300G 提花天鹅绒54""",白色,124,码,4,,,,XC2603003,2026-03-04 00:00:00,,,,,,,,,,,
4510255358,2X003570,WB6769,"300G 提花天鹅绒54""",白色,122,码,,,,,XC2603003,2026-03-04 00:00:00,,,,,,,,,,,
4510255446,2X003570,WB6769,"300G 提花天鹅绒54""",白色,150,码,,,,,XC2603003,2026-03-04 00:00:00,,,,,,,,,,,
4510256396,2X003617,WB6769,"300G 提花天鹅绒54""",白色,7,码,,,,,XC2603003,2026-03-04 00:00:00,,,,,,,,,,,
,,,3*100+103=403,,,,,,,,XC2603003,2026-03-04 00:00:00,,,,,,,,,,,
4510255075,3X000417M,WS000407,"380G YD-0731三明治网布上树脂54""",白色,9,码,1,,,,XC2603003,2026-03-04 00:00:00,,,,,,,,,,,
4510255075,3X000419M,WS000658,"380G  YD-0731三明治网布上树脂54""",岩石灰14-4201TPG,6,码,1,,,,XC2603004,2026-03-04 00:00:00,,,,,,,,,,,
,,,小缸费,岩石灰14-4201TPG,1,个,,,,,XC2603004,2026-03-04 00:00:00,,,,,,,,,,,
4510255075,3X000418M,WS001281,"380G  YD-0731三明治网布上树脂54""",蒸汽蓝14-4203TPG,5,码,1,,,,XC2603004,2026-03-04 00:00:00,,,,,,,,,,,
,,,小缸费,蒸汽蓝14-4203TPG,1,个,,,,,XC2603004,2026-03-04 00:00:00,,,,,,,,,,,
4510255075,3X000420C,WS001543,"320GYSD137加厚内里布54""",19-3922TPG冠军蓝色,1,码,1,,,,XC2603004,2026-03-04 00:00:00,,,,,,,,,,,
4510255075,3X000416M,WS001620,"320G YSD137加厚内里布54""",18-1248TPG铁锈红色,2,码,1,,,,XC2603004,2026-03-04 00:00:00,,,,,,,,,,,
4510255322,2X003572,WJ000026,"180G佳积布58""",黑色,26,码,1,,,,XC2603004,2026-03-04 00:00:00,,,,,,,,,,,
4510255976,2X003610,WJ000026,"180G佳积布58""",黑色,36,码,,,,,XC2603004,2026-03-04 00:00:00,,,,,,,,,,,
4510255757,2X003605,WB10878,"210D牛津布54""",白色,2,码,1,,,,XC2603005,2026-03-04 00:00:00,,,,,,,,,,,
4510256396,1X001792,WB10878,"210D牛津布54""",白色,17,码,,,,,XC2603005,2026-03-04 00:00:00,,,,,,,,,,,
4510256396,2X003615,WB10878,"210D牛津布54""",白色,7,码,,,,,XC2603005,2026-03-04 00:00:00,,,,,,,,,,,
4510256115,,WB10689,"180G佳积布54""",黑色,160,码,2,,,,XC2603005,2026-03-04 00:00:00,,,,,,,,,,,
,,,129+31=160,,,,,,,,XC2603005,2026-03-04 00:00:00,,,,,,,,,,,
4510255976,2X003611,WJ000025,"180G佳积布58""",棕色,30,码,1,,,,XC2603005,2026-03-04 00:00:00,,,,,,,,,,,
,,,小缸费,棕色,1,个,,,,,XC2603005,2026-03-04 00:00:00,,,,,,,,,,,
4510255075,3X000418M,WB13220,"180G K209网布54""",白色,3,码,1包,,,发中午,XC2603006,2026-03-05 00:00:00,,,,,,,,,,,
4510256115,,WD003684,"220G TANGO SUEDE鸡皮绒54""",深棕色,160,码,2,,,,XC2603007,2026-03-07 00:00:00,,,,,,,,,,,
,109+61=170(多10Y),,小缸费,深棕色,1,个,,,,,XC2603007,2026-03-07 00:00:00,,,,,,,,,,,
,,,货拉拉拉走,,,,,,,,,,,,,,,,,,,,
4510256048,3X000425C,WS001431,"320G YSD137加厚内里布54""",白色,239,码,3,,,,XC2603008,2026-03-07 00:00:00,,,,,,,,,,,
,,,79+80*2=239,,,,,,,,XC2603008,2026-03-07 00:00:00,,,,,,,,,,,
4510254500,2X003540,WB7416,"3U180G天鹅绒54""",黑色,48,码,9,,,,XC2603008,2026-03-07 00:00:00,,,,,,,,,,,
4510255322,2X003568,WB7416,"3U180G天鹅绒54""",黑色,493,码,,,,,XC2603008,2026-03-07 00:00:00,,,,,,,,,,,
4510255757,2X003608,WB7416,"3U180G天鹅绒54""",黑色,380,码,,,,,XC2603008,2026-03-07 00:00:00,,,,,,,,,,,
4510257401,2X003620,WB7416,"3U180G天鹅绒54""",黑色,10,码,,,,,XC2603008,2026-03-07 00:00:00,,,,,,,,,,,
,,,120*7+84+7=931,,,,,,,,XC2603008,2026-03-07 00:00:00,,,,,,,,,,,
4510255322,2X003568,WB10742,"300G提花天鹅绒54""",黑色,31,码,2,,,,XC2603009,2026-03-07 00:00:00,,,,,,,,,,,
4510255446,2X003588,WB10742,"300G提花天鹅绒54""",黑色,141,码,,,,,XC2603009,2026-03-07 00:00:00,,,,,,,,,,,
,,,100+72=172,,,,,,,,XC2603009,2026-03-07 00:00:00,,,,,,,,,,,
4510255322,2X003568,WB13224,"380G K666单层网布54""",白色,2065,码,30,,,,XC2603009,2026-03-07 00:00:00,,,,,,,,,,,
4510255358,2X003555,WB13224,"380G K666单层网布54""",白色,99,码,,,,,XC2603009,2026-03-07 00:00:00,,,,,,,,,,,
4510255446,2X003555,WB13224,"380G K666单层网布54""",白色,189,码,,,,,XC2603009,2026-03-07 00:00:00,,,,,,,,,,,
4510255757,2X003600,WB13224,"380G K666单层网布54""",白色,47,码,,,,,XC2603009,2026-03-07 00:00:00,,,,,,,,,,,
,,,30*80=2400,,,,,,,,XC2603009,2026-03-07 00:00:00,,,,,,,,,,,
4510255358,2X003596,WB4780,"230G 11301 POLYPAG II 网布54""",标准黑,74,码,5,,,,XC2603010,2026-03-07 00:00:00,,,,,,,,,,,
4510255446,2X003598,WB4780,"230G 11301 POLYPAG II 网布54""",标准黑,192,码,,,,,XC2603010,2026-03-07 00:00:00,,,,,,,,,,,
4510255757,2X003598,WB4780,"230G 11301 POLYPAG II 网布54""",标准黑,165,码,,,,,XC2603010,2026-03-07 00:00:00,,,,,,,,,,,
,,,100*4+31=431,,,,,,,,XC2603010,2026-03-07 00:00:00,,,,,,,,,,,
4510255322,2X003558,WB13223,"380G K666单层网布54""",黑色,1223,码,20,,,,XC2603010,2026-03-07 00:00:00,,,,,,,,,,,
4510255446,2X003558,WB13223,"380G K666单层网布54""",黑色,114,码,,,,,XC2603010,2026-03-07 00:00:00,,,,,,,,,,,
4510255757,2X003598,WB13223,"380G K666单层网布54""",黑色,212,码,,,,,XC2603010,2026-03-07 00:00:00,,,,,,,,,,,
,,,80*17+40+75+74=1549,,,,,,,,XC2603010,2026-03-07 00:00:00,,,,,,,,,,,
合        计,,,,,1980,码,25,,,,,,,,,,,,,,,,
注：我司仅对未开裁材料负责，已开裁材料经我司书面同意除外，其它概不负责。,,,,,,,,,,,XC2603010,2026-03-07 00:00:00,,,,,,,,,,,
收货单位签章：,,,,,,,,,送货单位签章：戴春莲,,,,,,,,,,,,,,
第一联：存根(白)       第二联：客户(红)       第三联：请款(蓝)        第四联：仓库(黄),,,,,,,,,,,,,,,,,,,,,,,
300码以下记得开小缸费  2338B和YS111黑白都要开染费  玛瑙黑和光亮白都开染费,,,,,,,,,,,,,,,,,,,,,,,
